-- phpMyAdmin SQL Dump
-- version 4.0.5
-- http://www.phpmyadmin.net
--
-- Хост: casual00.mysql.ukraine.com.ua
-- Час створення: Жов 14 2013 р., 18:53
-- Версія сервера: 5.1.69-cll-lve
-- Версія PHP: 5.2.17

SET SQL_MODE = "NO_AUTO_VALUE_ON_ZERO";
SET time_zone = "+00:00";


/*!40101 SET @OLD_CHARACTER_SET_CLIENT=@@CHARACTER_SET_CLIENT */;
/*!40101 SET @OLD_CHARACTER_SET_RESULTS=@@CHARACTER_SET_RESULTS */;
/*!40101 SET @OLD_COLLATION_CONNECTION=@@COLLATION_CONNECTION */;
/*!40101 SET NAMES utf8 */;

--
-- База даних: `casual00_sandm`
--

-- --------------------------------------------------------

--
-- Структура таблиці `articles`
--

CREATE TABLE IF NOT EXISTS `articles` (
  `id` bigint(20) unsigned NOT NULL AUTO_INCREMENT,
  `miniImg` varchar(255) DEFAULT NULL,
  `title` varchar(255) NOT NULL,
  `shortDesc` varchar(255) DEFAULT NULL,
  `full` text,
  `author` varchar(100) DEFAULT NULL,
  `addDate` datetime DEFAULT NULL,
  `updateDate` datetime NOT NULL,
  `ratingGood` int(11) NOT NULL,
  `ratingBad` int(11) NOT NULL,
  PRIMARY KEY (`id`),
  UNIQUE KEY `id` (`id`)
) ENGINE=InnoDB  DEFAULT CHARSET=utf8 AUTO_INCREMENT=99 ;

--
-- Дамп даних таблиці `articles`
--

INSERT INTO `articles` (`id`, `miniImg`, `title`, `shortDesc`, `full`, `author`, `addDate`, `updateDate`, `ratingGood`, `ratingBad`) VALUES
(1, '15088.jpg', 'Дарт Вейдер новый союзник Микки Маусу.', '<p>Интернет взорвала новость о том, что корпорация Disney приобрела компанию Lucasfilm, включая легендарную франшизу «Звездные войны», за $4,05 миллиарда.</p>', '<article>\r\n<p>И так корпорация <strong>Disney</strong> приобрела компанию <strong>Lucasfilm</strong>, включая легендарную франшизу <strong>«Звездные войны»</strong>, за <strong>$4,05 миллиарда</strong>. Тепер Star Wars ждут большие изменения.</p>\r\n\r\n<p>По словам Роберта Айгера, главы студии «Дисней», седьмой эпизод Star Wars выйдет в 2015 году. Он станет началом <strong>новой трилогии</strong>, которую уже наметил Джордж Лукас.</p>\r\n\r\n<p>Лукас прокомментировал сделку так: <cite>«Последние 35 лет я с большим удовольствием наблюдаю, как «Звездные войны» передаются от одного поколения к другому. Пришло время и мне передать их новому поколению кинематографистов, тем более, я всегда считал, что Star Wars отлично могут обходиться без меня. Уверен, Disney сможет дать этой франшизе очень многое, включая проекты на большом экране, телевидении, открытие тематических парков и выпуск сувенирной продукции».</cite></p>\r\n\r\n<div class="cor_text"><img src="/img/article/1/15089.jpg"/></div>\r\n\r\n<p>Что касается следующего фильма, Лукас будет принимать участие в его производстве в качестве <strong>«творческого консультанта»</strong>. Согласно информации, поступившей после недавнего селекторного совещания «виновников торжества», синопсис седьмого эпизода франшизы уже разработан, а восьмая и девятая части трилогии будут выпускаться примерно с разницей в год (примерно — это значит не раньше 2017-го и 2019-го соответственно).</p>\r\n\r\n<p>Иизвестно, что «Диснею» «очень нравится» идея расширить «Звездных войн» на телевидение, так что парочку новых анимационных сериалов думаю следует ожидать.</p>\r\n\r\n<p><strong>Кэтлин Кеннеди</strong> - назначена новым сопредседателем компании Lucasfilm, партнер Стивена Спилберга. Она в новом эпизоде SW возьмет на себя функции исполнительного продюсера. Сотрудничество «Диснея» с Спилберг/Кеннеди дает нам основание полагать, что франшиза попала в хорошие руки.</p>\r\n\r\n<div class="cor_text"><img src="/img/article/1/15122.jpg"/></div>\r\n\r\n<p>Что в итоге, Disney, сперва стал владыкой Pixar, потом Marvel, а теперь и Lucasfilm, отсюда и название - Скрытая Угроза. Несмотря на то, что с продукцией первых двух студий с «Диснеем» почти ничего страшного не случилось, поклонники «Звездных войн» все еще в шоке.</p>\r\n</article>', 'Siada-Apius', '2012-11-19 11:15:00', '2013-10-14 00:57:44', 10, 1),
(2, '15123.jpg', 'Джордж Лукас отдаст все деньги, чтобы в школах не было скучно.', '<p>Джордж Лукас: «Большая часть этих $4 миллиардов пойдет на благотворительность».</p>', '<article>\r\n\r\n<p>Это и не странно, он последние сорок лет зарабатывал на франшизе Star Wars и может позволить себе такую щедрость.</p>\r\n\r\n<p>Лукас является председателем образовательного фонда Edutopia, который и будет первым кандидатом на получение кругленькой суммы. Режиссер остался верным своему обещанию, которое дал еще в 2010-м году: <cite>«Я посвящу большую часть своего состояния повышению качества образования, ибо образование есть ключ к выживанию человечества»</cite>.</p>\r\n\r\n<p><cite>«Рассказчики — это учителя и пропагандисты, которые говорят на универсальном языке. В этом и заключалась когда-то главная роль Гомера, Платона и Аристотеля — использовать рассказы и диалоги как средство воспитания. Хороший рассказ основан на истине и понимании ситуации, а хороший рассказчик (в конечном итоге — учитель) всегда использует искусство как средство сделать образование эмоционально значимым</cite>.</p>\r\n\r\n<p><cite>Когда я учился школе, то чувствовал себя как в вакууме. Мне многое было интересно, но при этом было дико скучно. Атмосфера, благоприятная для учебы, отсутствовала напрочь. Это уже потом мне посчастливилось найти свой путь и свой язык обучения.</cite></p>\r\n\r\n<p><cite>Мне было неприятно думать о нашей системе образования как о конвейере для производства дипломов. Однажды у меня появились средства, чтобы попытаться изменить ситуацию. Я попытался, и это стало моей страстью. Я верю в школы, построенные на аристотелевском принципе обучения. Такой способ взаимодействия берет начало в древности, но по сей день является одним из самых эффективных...»</cite>.</p>\r\n\r\n<p>Джордж Лукас всегда давал понять, что главная целевая аудитория его фильмов — люди с широко открытыми глазами, главным образом, дети. Возможно, это помешало ему стать величайшим режиссером в мире, зато сделало его лучшим человеком. Очевидно, что для собственных нужд у него осталось еще предостаточно средств, но отдать колоссальную сумму на такие благие цели похвально при любых обстоятельствах.</p>\r\n\r\n</article>', 'Siada-Apius', '2012-11-19 11:38:00', '2012-11-19 00:00:00', 1, 0),
(3, '15279.jpg', 'Хан Соло - вернуться и умереть?', '<p>Харрисон Форд относится довольно положительно к идее вновь повидаться с Хана Соло в седьмой эпизод «Звездных войн» в 2015 году. Об этом сообщил ресурсу InsideMovies надежный высокопоставленный источник, близкий к производству фильма.</p>', '<article>\r\n<p>\r\nЕсли такое возможно, то никто не удивится, если в условие контракта будет сцена смерти старого контрабандиста трагической гибелью.\r\n</p>\r\n\r\n<p>\r\n<cite>«Харрисону по душе наша идея сделать новый фильм, он даже был бы не против собрать в одной картине всю компанию»</cite>, — уверяет источник, намекая на Марка Хэмилла и Кэрри Фишер. Именно в таком составе трио впервые появилось в легендарной эпопее, когда в мае 1977 года вышел фильм Джорджа Лукаса, который сегодня все знают как <b>«Звездные войны: Эпизод 4 - Новая надежда»</b>.\r\n</p>\r\n\r\n<p>\r\nСлава, которая обрушилась тогда на актеров, не стала гарантом их будущей карьеры. Марк Хэмилл сегодня более востребован как актер озвучки, Кэрри Фишер пишет сценарии по мемуарам. И только Форд уверенно шел вперед по голливудской лестнице успеха. Один из самых известных его ролей - «Индиана Джонс».\r\n</p>\r\n\r\n<p>\r\n Все это время актер никогда не скрывал своего <b>пренебрежительного</b> отношения к роли Хана Соло, утверждая: <cite>«Как персонаж он никогда не был для меня интересен»</cite>. Но слава этого героя распространилась далеко за пределы экрана, поэтому чтобы не говорил Форда, а роль это были хорошим вкладом в его карьеру.\r\n</p>\r\n\r\n<p>\r\nИз за того, что игрушки Хана Соло уж очень хорошо продавались, сцена его смерть в «Звездных войнах 6» была удалена из сценария. <cite>«Я думал, что мой герой умрет, надеялся поставить точку в его истории, подвести итог. Но ведь никому не интересно было бы покупать игрушки в виде мертвого героя»</cite>, — шутил Форд.\r\n</p>\r\n</article>', 'Siada-Apius', '2012-11-19 13:48:00', '2012-11-19 00:00:00', 1, 0),
(4, '15432.jpg', 'Спилберг и Тарантино не хотят «Звездных войн».', '<p>Пока никто не занял место режиссера, таких новостей будет много, у каждого уважающего себя голливудского режиссера свое мнение насчет седьмого эпизода.</p>', '<article>\r\n\r\n<p>\r\nМайклом Арндтом («История игрушек: Большой побег») уже написал 50-страничный черновик сценария к будущему хиту. Продюсеры «Диснея» не стесняются предлагать его к прочтению режиссерам самого разного калибра. \r\n</p>\r\n\r\n<p>\r\nИзвестно, что от постановки «Звездных войн 7» отказался Зак Снайдер, теперь же <b>«No Thanks»</b> сказали Квентин Тарантино и Стивен Спилберг. <cite>«Нет! Нет! Это не мой жанр! Это жанр моего лучшего друга Джорджа»</cite>, — замахал на журналистов руками Спилберг.\r\n</p>\r\n\r\n<p>\r\nТарантино же выразился более сдержанно: <cite>«Меня это как-то не особо привлекает. Особенно под началом «Диснея». Я не заинтересован в продолжении «Звездных войн» в духе работ Саймона Уэста»</cite>.\r\n</p>\r\n\r\n<p>\r\nЧто ж, если Квентин попал в поле зрения, отчего бы не попытать счастья у Финчера, Нолана, Пройаса... ?\r\n</p>\r\n\r\n</article>', 'Siada-Apius', '2012-11-21 16:11:04', '2012-11-21 00:00:00', 1, 0),
(5, '15458.jpg', 'Материала хватит на трилогию «Звездных войн».', '<p>Реакция оказалась достаточно быстрой. На днях стало известно, что автором сценария к Эпизод VII является <b>Майкл Арндт</b> <em>(«Храбрая сердцем», «История игрушек: Большой побег»)</em>.</p>', '<article>\r\n\r\n<p>Не заставило себя долго ждать и официальное подтверждение от Lucasfilm.</p>\r\n\r\n<p>На прошлой неделе пришла другая новость. Оказалось, что Харрисон Форд не прочь <b>вернуть</b> Хана Соло в седьмой эпизод. Об этом сообщил InsideMovies со ссылкой на «надежный высокопоставленный источник».</p>\r\n\r\n<p><b>Майкл Арндт получил «Оскар»</b> в номинации «Лучший оригинальный сценарий» за фильм «Маленькая мисс Счастье» и был номинирован на премию Американской киноакадемии за «Историю игрушек: Большой побег».</p>\r\n\r\n<p>Другие работы автора можно будет увидеть совсем скоро. Он работал со сценарием сиквела <b>«Голодных игр» — «И вспыхнет пламя»</b>, а также драмы <b>«Забвение»</b> с Томом Крузом. Оба в 2013 году.</p>\r\n\r\n<div class="cor_text"><img src="/img/article/5/15462.jpg" alt="pic" /></div>\r\n\r\n<p>Как сообщает Deadline, Lucasfilm обратился к Арндту за месяц до того, как стало известно о продаже кинокомпании. По данным сайта, Арндт уже придумал «довольно обширный и подробный сценарий, который может стать тремя следующими фильмами, трилогией».</p>\r\n\r\n</article>', 'Siada-Apius', '2012-11-22 10:10:00', '2012-11-22 10:10:00', 1, 0),
(6, '15505.jpg', 'А не пригласить ли нам Джей Джей Абрамcа?', '<p>На прошлой неделе компания Disney активно рассылала разным режиссерам предложение встать у руля седьмого эпизода «Звездных войн». В число претендентов попал Джей Джей Абрамс</p>', '<article>\r\n<p>По словам режиссера «Звездного пути», уж насколько он является большим поклонником SW, снимать очередной эпизод из этой франшизы он не готов: <cite>«Я прямо чувствую давление ответственности на того, кто возьмется за это»</cite>. К тому же, Джей Джей сейчас плотно занят сиквелом «Звездный путь во тьму» и несколькими телевизионными проектами.</p>\r\n\r\n<p><cite>«В детстве я всегда был поклонником спецэффектов, смотрел и пытался понять, как они это сделали. «Звездные войны» в свое время просто взорвали мне мозг!</cite> — делится воспоминаниями режиссер. —<cite> И тогда мне стало совершенно все равно, как все это было сделано, фильм оказался просто хорош сам по себе, с его забавным, романтическим, страшным и очень убедительным визуальным рядом. Я впервые понял, что наслаждаюсь процессом просмотра и не хочу думать о технической стороне вопроса»</cite>.</p>\r\n\r\n<p><cite>«Несмотря на то, что история «Звездного пути» началась раньше «Звездных войн», всем очевидно — то, что мы сейчас делаем, находится все-таки немного в тени того, что все это время делал Джордж Лукас, — резюмирует режиссер. — И я предпочту остаться рядовым зрителем, купить билет и посмотреть седьмой эпизод, сидя в зрительском кресле»</cite>.</p> \r\n\r\n<p>Итак, еще один кандидат в режиссеры отказался. Между тем, работа над сценарием «Звездных войн 7» кипит, и мы с нетерпением ждем ответа от Берда и остальных.</p>\r\n</article>', 'Siada-Apius', '2012-11-22 10:15:00', '2012-11-22 10:15:00', 1, 0),
(7, '15590.jpg', '«Звездные войны 7»: список кандидатов все меньше и меньше.', '<p>И так сценарист будущего фильма уже определился, это Майкл Арндт («История игрушек: Большой побег»), а вот поиски режиссера продолжаются.</p>', '<article>\r\n<p>Среди категорично отказавшихся вставать у руля SW-7 — Квентин Тарантино, Стивен Спилберг и Зак Снайдер. Впрочем, на их согласие изначально мало кто рассчитывал. Затем к этой троице примкнул и Джей Джей Абрамс, который предпочитает оставаться зрителем франшизы.</p> \r\n\r\n<p>Как сообщает <strong>Collider</strong>, нам осталось узнать мнение еще нескольких человек, которые получили на руки черновик сценария: <b>Гильермо дель Торо</b>, <b>Джона Фавро</b> и <b>Колина Треворроу</b>.</p>\r\n\r\n<p><strong>Фрэнк Маршалл</strong>, продюсер и муж новой главы LucasFilm Кэтлин Кеннеди, заявил, что список кандидатов на пост режиссера седьмого эпизода «сократился до пары человек». И в числе также оказался <strong>Джо Джонстон</strong>(«Первый мститель»). Он, к слову, сыграл небольшую роль в четвертом эпизоде, а также в числе прочих трудился над спецэффектами оригинальной трилогии.</p>\r\n\r\n<p><cite>«У меня есть кое-какая информация о будущем режиссере</cite>, — интригует Маршалл, — <cite>но раскрыть эту тайну я не могу, иначе не доживу до утра»</cite>.</p>\r\n\r\n<p>Сам Джонстон прокомментировал это так: <cite>«Многое будет зависеть от того, что он из себя представляет. В любом случае, я рад, что франшиза снова ожила, независимо от того в чьих руках она окажется»</cite>.</p>\r\n</article>', 'Siada-Apius', '2012-11-22 10:17:00', '2012-11-22 10:17:00', 2, 1),
(8, '15704.jpg', 'Принцесса Лея и Хан Соло.', '<p>Сценарий нового эпизода до сих пор не готов, а, Кэрри Фишер уверена, что она станет частью новой истории. <cite>«Да... я думаю, это уже вопрос решенный»</cite>.</p>', '<article>\r\n<p>Месяц назад <strong>Марк Хэмилл</strong> признался, что в августе он и <b>Кэрри</b> обедали с <strong>Джорджем Лукасом</strong>, и на этом обеде поделился о своих планах на новую трилогию. Возможно, тогда им и было предложение принять участие в новых фильмах, поэтому принцесса Лея говорит об этом так уверенно. Напомним, Харрисон Форд также недавно <a href="http://www.force-leads.com/article/id/3">заявил</a> прессе, что Хан Соло готов вернуться, чтобы умереть.</p>\r\n\r\n<p><cite>«Мне нравится думать о своей героине как о старой Лее, будто она этакая видавшая виды лошадка. Было бы интересно посмотреть, как я, миссис Соло, борюсь с Ханом.»</cite>, — в шутку фантазировала Фишер в интервью ресурсу <b>The Talk</b>.</p>\r\n\r\n<p>Вероятнее всего, сценарист седьмого эпизода Майкл Арндт поставит в центр сюжета актеров помоложе, а троице из оригинала сочинит какое-нибудь яркое камео.</p>\r\n</article>', 'Siada-Apius', '2012-11-22 10:22:00', '2012-11-23 10:22:00', 1, 0),
(9, '15693.jpg', 'Роберт Паттинсон и «Звездные войны»?', '<p>Еще шесть лет назад Роберт Паттинсон был известен только по роли Седрика Диггори из фильма «Гарри Поттер и кубок огня».</p>', '<article>\r\n<p>Сейчас, 26-летний Паттинсон является одним из самых популярных людей на планете Земля.</p>\r\n\r\n<p>В телефонном интервью изданию <b>Washington Post</b>, Паттинсон росказал, что все еще испытывает дискомфорт из-за пристального внимания средств массовой информации и оглушающих криков поклонников, которые думают о нем как о мечтательном вампире Эдварде Каллене и как о половинке звездной пары, именуемой «Робстен». Но он уверен в одном: если кто-то захочет позвать его в следующую часть «Звездных войн», он не раздумывая согласится.</p>\r\n\r\n\r\n<p><cite>Я помню, как на Comic-Con в 2008 году, до выхода первого фильма, Вы и Кристен Стюарт казались особенно шокированными столь большой популярностью. Помните, что тогда происходило в Вашей голове?</cite></p>\r\n\r\n<p><cite><b>Да, я думал, что это очень волнительно, но мне кажется, это что-то другое. Это всегда казалось мне чем-то отдельным — вся эта часть — от процесса съемок фильмов. Это никогда для меня не изменится. Это совершенно независимая часть работы</b>.</cite></p>\r\n\r\n<p><cite>Некоторые люди критикуют Вас за то, что Вы используете информацию о личной жизни для продвижения фильмов на рынке, в частности, отношения с Кристен. Ваша реакция?</cite></p>\r\n\r\n<p><cite><b>Что меня критикуют?</b></cite></p>\r\n\r\n<p><cite>Вы знаете, люди говорят: «Их романтические отношения используются в качестве маркетингового инструмента для фильма».</cite></p>\r\n\r\n<p><cite><b>С одной стороны, это было бы страшным инструментом маркетинга, и им не очень-то хорошо пользоваться. Люди всегда будут говорить. Я до сих пор удивляюсь, что люди склонны верить во что угодно. Там есть сюжетная линия. У вас есть набор персонажей, и ваша сюжетная линия уже написана для вас. И не важно, что вы делаете. Я разговаривал с Риз Уизерспун об этом недавно, и она сказала, что тебе присваивают определенного персонажа. То есть я в прямом смысле пытался сделать что-то, чтобы их отвлечь, но об этом просто не писали.</b></cite></p>\r\n\r\n<p><cite>Так Вы обращаете внимание на то, что говорят о Вас в СМИ?</cite></p> \r\n\r\n<p><cite><b>В какой-то степени вы вынуждены делать это. Но не особо. Это ничему не поможет. Это не принесет пользы.</b></cite></p>\r\n\r\n<p><cite>Участие в серии фильмов, такой, как «Сумерки», — это огромное обязательство. Это касается и затраченного времени и исполнения роли одного и того же персонажа. Вы только что завершили работу над серией. Как вы думаете, повторите этот опыт в ближайшем будущем? Похоже, Вы выбираете проекты, которые заметно отличаются от нее.</cite></p>\r\n\r\n<p><cite><b>Многие проекты, в которых я задействован в этом году, я выбирал год назад. Все меняется. Отрасль очень быстро изменяется в данный момент. Кроме того, мне кажется, что единственное, что сейчас делается — это фильмы-франшизы. Это меня беспокоит, потому что таким образом вы теряете контроль. Материал, который вы представляете миру, должен быть отражением того, кто вы есть. И если вы не контролируете это, то я не знаю, как вы тогда вы можете сказать: «Это то, кем я являюсь, и это то, что я сделал». Когда снимаешься во франшизе это совершенно другое. Это становится больше работой, чем искусством. Если бы я хотел работать, то работал бы, как бы смешно это не звучало. Я, вероятно, скоро буду работать. Чистить туалеты или что-то еще.</b></cite></p>\r\n\r\n<p><cite>Я очень в этом сомневаюсь. То есть Вы могли бы заинтересоваться франшизой, но это будет зависеть от того, каким будет этот проект.</cite></p>\r\n\r\n<p><cite><b>Да, я думаю, что это будет сильная вещь. Ты смотришь на что-то вроде «Звездных войн»... Никто не называет «Звездные войны» франшизой.</b></cite></p>\r\n\r\n<p><cite>Ну, люди называют.</cite></p>\r\n\r\n<p><cite><b>Только после того, как вышли новые. Что касается первых трех — это была серия фильмов, а не франшиза.</b></cite></p>\r\n\r\n<div class="cor_text">\r\n    <img src="/img/article/9/15700.jpg" alt="pic" />\r\n    <img src="/img/article/9/15701.jpg" alt="img" />\r\n</div>\r\n\r\n<p><cite>К слову, если кто-то предложит Вам участие в этой «серии фильмов», вы согласитесь?</cite></p>\r\n\r\n<p><cite><b>В «Звездных войнах»? Да, безусловно. В ту же секунду.</b></cite></p>\r\n\r\n<p><cite>Что, если они попросят вас сыграть Джа-Джа Бинкса?</cite></p>\r\n\r\n<p><cite><b>Я на самом деле похож на Джа-Джа. Я не понимаю, что плохого в Джа-Джа.</b></cite></p>\r\n\r\n</article>', 'Siada-Apius', '2012-11-22 10:24:00', '2012-11-23 10:24:00', 1, 0),
(10, '15714.jpg', 'Билли Ди и старая компания.', '<p>Портал MovieHole, в последнее время промышляющий только эксклюзивом, оперирует довольно любопытной информацией о кастинге нового эпизода</p>', '<article>\r\n<p>По последним данным было известно, что к своим персонажам с удовольствием вернутся Кэрри Фишер, Марк Хэмилл и Харрисон Форд.</p>\r\n\r\n<p><strong>MovieHole</strong> связался по электронной почте со своим источником чтобы узнать возможные подробности о сценарии <strong>Майкла Арндта</strong>. Что, кто и когда нас ждет, как процес? <cite>«Понятия не имею</cite>, — ответил источник. — <cite>Только Люк, Лея, Хан и Лэндо»</cite>.</p>\r\n\r\n<p>Итак, <strong>Лэндо Калриссиан</strong>, как не странно, тоже в деле. Источник не в курсе, сколько экранного времени предполагается отвести давнему другу Хана, однако ничего удивительного в его появлении не будет. По слухам, действие в SW7 развернется через несколько десятилетий после событий эпизод 6 и будет каким-то образом связано с восстановлением Республики.</p>\r\n\r\n<p>Для полной компании не хватает Чубаки.</p>\r\n\r\n</article>', 'Siada-Apius', '2012-11-22 10:25:00', '2012-11-24 10:25:00', 1, 0),
(11, '15718.jpg', 'Брэд Берд также не желает быть у руля.', '<p>Человек известный благодаря «Суперсемейке», который считался одной из главных кандидатур на пост режиссера «Звездных войн 7» взял самоотвод. Это стало известно из Твиттера</p>', '<article>\r\n\r\n<p><cite>«Я не собираюсь браться за SW7, мой проект - это <b>"1952"</b>!»</cite>, — с нескрываемым раздражением написал режиссер очередному пользователю социальной сети. И, судя по последней информации, он действительно занят другим проектом где на главную роль в «1952» был приписан Джордж Клуни.</p>\r\n\r\n<p>А тем временем список становится все больше и больше по кандидатам которые отказались, что не может не волновать</p>\r\n</article>', 'Siada-Apius', '2012-11-22 10:26:00', '2012-11-24 10:26:00', 1, 0),
(12, '15757.jpg', 'Колин Треворроу думает, что сможет не ударить лицом в грязь.', '<p>Режиссер Колин Треворроу («Безопасность не гарантируется») пообещал не испортить «Звездные войны 7», если ему дадут шанс выступить в качестве режиссера. Он не очень известен и опытен но прекрасно отдает себе отчет в том, что могут думать по поводу его ', '<article>\r\n<p>Еще летом в одном из интервью Колин заявил: <cite>«Клянусь, я люблю «Звездные войны» так же сильно, как и вы все. И буду уважительно относиться к их мифологии, сделаю все, чтобы конечный результат не разочаровал вас»</cite>.</p>\r\n\r\n<p>Недавно, на прошедшем в Швеции 23-м Стокгольмском кинофестивале, режиссер вернулся к этой теме, и с тем же словами. <cite>«Я очень хорошо понимаю, как много значат «Звездные войны» для миллиардов людей. Для многих из нас это не просто мифология, а даже в некотором смысле религия. Пока что я не могу прокомментировать информацию о своем участии в проекте, но скажу, что мне бы, конечно, очень хотелось снять один из эпизодов. Это было бы просто невероятно здорово! И, если что, я не намерен отказываться...»</cite> — сказал <b>Треворроу</b> журналистам.</p>\r\n\r\n<p>По его словам, он осознает, что каждый думающий режиссер, которому небезразлична судьба франшизы, будет бояться браться за этот проект так как большая вероятность что-то испортить: <cite>«Но я также считаю, что многие режиссеры, наоборот, не раздумывая, возьмутся за съемки SW7, и в этом тоже заключается большой риск. Ведь нужно чувствовать связь со всей франшизой, с ее особым миром и особым стилем»</cite>.</p>\r\n\r\n<p>Между тем, эксперты сходятся во мнении, что Треворроу не тот режиссер, который имеет много шансов возглавить постановку «Звездных войн 7». Он молод, а его послужной список не пестрит громкими проектами. Впрочем, Джордж Лукас был еще моложе, когда снимал оригинальную трилогию. По большому счету, единственное, что пока говорит в пользу Колина — он обойдется «Диснею» не дорого и на него будет гораздо проще оказывать давление, если продюсерам захочется изменить что-то в процессе производства картины.</p>\r\n</article>', 'Siada-Apius', '2012-11-22 10:28:00', '2012-11-25 10:28:00', 1, 0),
(13, '15890.jpg', '«Звездные войны» новые, а сценарист старый.', '<p>Пока вовсю идет поиск подходящей кандидатуры в режиссеры «Звездных войн 7», руководство Disney наметило сценаристов еще для двух фильмов, восьмой и девятой частей.</p>', '<article>\r\n<p>Было известно, что сценарий SW7 доверили <strong>Майклу Арндту</strong> («История игрушек: Большой побег»), а теперь дошла информация, что над сюжеты для SW8 и SW9 будут работать сценарист «Звездных войн 5» <strong>Лоуренс Каздан</strong> и один из соавторов «Людей Икс: Первый класс» <strong>Саймон Кинберг</strong>. Каздан и Кинберг также выступят продюсерами двух новых фильмов франшизы.</p>\r\n\r\n<p>В обоих хорошая репутация в мире кино. Лоуренс Каздан, славится не только сценария к фильму <b>«Империя наносит ответный удар»</b>, но также соавторством к <b>«Возвращению Джедая»</b> и <b>«Индиана Джонс: В поисках утраченного ковчега»</b>.</p> \r\n\r\n<p>Кинберг также имеет хороший список сценариев: <b>Люди Икс</b> (включая — «Дни минувшего будущего»), хиты <b>«Шерлок Холмс»</b> и <b>«Мистер и миссис Смит»</b>.</p> \r\n\r\n<p>Как покажет себя новая парочка будет видно позже, но участие Каздана человека, который работал в самом начале, не может не радовать.</p>\r\n</article>', 'Siada-Apius', '2012-11-22 10:32:00', '2013-09-18 20:04:54', 2, 1),
(14, '15915.jpg', 'Даты выхода «Звездных войн» в 3D!', '<p>И так, всем кто хочет опять посмотреть фильм на большом экране, готовьтесь.</p>', '<article>\r\n\r\n<p>Портал <strong>Box Office Mojo</strong> раздобыл несколько дат международных релизов и переизданий будущих проектов.</p>\r\n\r\n<p>Шума об новых фильмах все больше и больше, но свою вторую жизнь получают и старые фильмы. Второй и третий эпизоды будут переизданы в формате 3D. <strong>«Звездные войны: Атака клонов»</strong> станет доступна <b>20-го сентября 2013 года</b>, а <strong>«Звездные войны: Месть ситхов»</strong> стартует чуть позже, <b>4-го октября</b>.</p>\r\n</article>', 'Siada-Apius', '2012-11-22 10:34:00', '2013-09-19 11:53:48', 10, 25),
(15, 'cronenberg.jpg', 'Дэвид Кроненберг рассказал, почему он отказался от «Возвращения Джедая»', '<p>Сейчас все ищут кандидатам на роль режиссера новой части, но давайте узнаем почему, Дэвид Кроненберг, отклонил предложение снимать «Звездные войны: Эпизод 6 — Возвращение Джедая»</p>', '<article>\r\n<p>Интервью было опубликовано в издании <strong>Digital Spy</strong>.</p>\r\n\r\n<p><cite>«Когда-то давно у меня произошел секундный разговор о том, что я мог бы сделать фильм "Звездные войны", который в то время назывался <strong>"Месть Джедая"</strong>, а затем стал "Возвращением Джедая"</cite>, — рассказывает Кроненберг. — <cite>Ко мне подошел представитель <b>Lucasfilm</b>, и у него ушло совсем немного времени, чтобы понять, что это, возможно, не очень хорошая идея»</cite>.</p>\r\n\r\n<p>Ответ прост, фильм никогда не интересовал режиссера.</p>\r\n\r\n<p><cite>«В действительности вы оказываетесь ограничены форматом, который был определен</cite>, — объясняет он. — <cite>Таким образом, для настоящего изобретателя или режиссера-инноватора это было бы сродни смирительной рубашке. И визуальный стиль был заранее известен, и актерский состав был собран. Я имею в виду, что я бы не участвовал в кастинге актеров на главные роли, что, конечно, для режиссера чрезвычайно важно»</cite>.</p>\r\n\r\n</article>', 'Siada-Apius', '2012-11-25 14:11:56', '2013-09-19 12:11:41', 4, 0),
(21, 'star-wars-episode-7-poster.jpg', 'Ждут ли нас спин-оффы вместо сиквелов?', '<p>Лоуренс Каздан и Саймон Кинберг были утверждены в роли сценаристов но для каких фильмов? Стало известно, что они могут работать над иным проектом Lucasfilm.</p>', '<article>\r\n<p>Как сообщает <strong>The Hollywood Reporter</strong>, «сценарии этих двух могут превратиться в отдельные "эпизоды", где сюжет будет строиться вокруг Скайуокера, либо они станут основой для спин-оффов, где главными героями станут другие персонажи». Вот только не понятно, каким образом они смогут это реализовать?</p>\r\n\r\n<p>Попробуем подытожить: продолжение трилогии, скорее всего, будет о Скайуокере. Что, конечно, большой неожиданностью не назовешь. Более интересным является тот факт, что <b>Disney</b>, как это делают с <b>Marvel</b>, хочет расширить серию фильмов «Звездные войны». При этом генеральный директор Disney сказал, что он хочет выпускать по новому фильму «каждые два-три года».</p>\r\n\r\n<div class="cor_text"><img src="/img/article/21/kas-kin.jpg" alt="img" /></div>\r\n\r\n<p>Остается загадкой, как сценарии <b>Каздана</b> и <b>Кинберга</b> могут стать «либо основными эпизодами, либо спин-оффами»</p>\r\n</article>', 'Siada-Apius', '2012-11-30 10:49:58', '2013-09-19 12:30:21', 65, 65),
(22, '16513.jpg', 'Фанаты хотят построить «Сокола»', '<p>«Вы никогда не слышали о «Тысячелетнем соколе»? Это корабль, который долетел до Кесселя меньше, чем за 12 парсеков!»</p>', '<article>\r\n<p><cite>«Вы никогда не слышали о <strong>«Тысячелетнем соколе»</strong>? Это корабль, который долетел до Кесселя меньше, чем за 12 парсеков!»</cite></p>\r\n\r\n<p>Модель в настоящих размерах кореллианского корабля <strong>YT-1300</strong> решила построить интернациональная амбициозная группа строителей. Этот «Сокол» никогда не взлетит да и сдвинется ли проект с мертвой точки не известно.</p>\r\n\r\n<p>Это будет проект для студентов сварщиков, архитекторов, будущих специалистов в области электроники, а также представителей других профессий. Идея благородная и похвальная, побольше бы таких людей.</p>\r\n\r\n</article>', 'Siada-Apius', '2012-12-10 14:50:23', '2013-09-19 12:43:14', 1, 1),
(23, 'lucas.jpg', 'Видеоинтервью Джорджа Лукаса о причинах ухода на пенсию.', '<p>Джорджем Лукасом, и продюсер, тепер уже президента Lucasfilm, Кэтлин Кеннеди, рассказываюто свои мнения по поводу будущего франшизы.</p>', '<article>\r\n\r\n<p>Джордж считает, что пора уступить место молодым. Он устал и хочет изменить стиль жизни.</p>\r\n\r\n<p><iframe width="560" height="315" src="//www.youtube.com/embed/YyqlTi7lkhY?list=PL148kCvXk8pBP96h_ZhDrcrTbwsvpbGFa" frameborder="0" allowfullscreen></iframe></p>\r\n\r\n<p>Интервью в нескольких частях</p>\r\n\r\n</article>', 'Siada-Apius', '2012-12-11 12:33:20', '2013-09-19 13:01:44', 4, 4);
INSERT INTO `articles` (`id`, `miniImg`, `title`, `shortDesc`, `full`, `author`, `addDate`, `updateDate`, `ratingGood`, `ratingBad`) VALUES
(24, 'slj.gif', 'Сэмюэл Л. Джексон хочет к «Звездным войнам»', '<p>Как только свет услышал об новом эпизоде практически все, кто когда-либо был связан с франшизой, высказался по этому поводу.</p>', '<article>\r\n<p>Сэмюэл Л. Джексон, подтвердил свое желание вернуться к своему герою и вновь выхватить свой фиолетовый световой меч. Актер дал интервью изданию <strong>Screen Rant</strong>.</p>\r\n\r\n<p><cite>«Я не удивлен, но полностью одержим идей, что появится больше "Звездных войн"</cite>, — сказал Джексон. — <cite>Пока что все выглядит так, будто Оби-Ван уже был мертв, когда начался «Эпизод 4», так что все думают, что и я мертв, и что мы узнаем, что случилось с Мейсом Винду. Что, я не могу вернуться, как однорукий джедай, который сумел выжить?»</cite>.</p>\r\n\r\n<p><div class="cor_text"><img src="/img/article/24/-episode-iii-revenge-of-the-sith.jpg" alt="pic" /></div></p>\r\n\r\n<p>Когда Джексона спросили, хочет ли он вернуться, он ответил:</p> \r\n\r\n<p><cite>«Да, черт возьми! Я мог бы вернуться или быть призраком-голограммой. Мне все равно. Я просто хочу быть связанным с франшизой. Я не откажусь только из-за того, что я участвовал в трех фильмах».</cite></p>\r\n\r\n<p>Похоже, что у нового режиссера будет очень большой выбор актеров.</p>\r\n</article>', 'Siada-Apius', '2012-12-24 20:58:33', '2013-09-25 14:41:33', 0, 1),
(25, '17311.jpg', 'Мейса Винду - быть или не быть?', '<p>Сэмюэл Л. Джексон очень хочет принять участие в новых «Звездных войн».</p>', '<article>\r\n\r\n<p>Джексон просто верит, что могущественный джедай выжил.</p> \r\n\r\n<p><cite>«Да, он выпал из окна, но ведь мы говорим о джедае! Он мог бы приземлиться на выступ и т. п.»</cite>, — сказал актер.</p>\r\n\r\n<p>В своих последних интервью Сэмюэл Л. Джексон неоднократно повторял, что роль в «Звездных войнах» стала одним из самых значимых достижений в его карьере. Он так хотел стать частью франшизы, что поначалу просился в качестве простого штурмовика:\r\n</p>\r\n\r\n\r\n<p><cite>«Я сказал Джорджу, что мне просто необходимо сняться в этом фильме. Пусть наденет на меня эту чертову белую маску десантника и выпустит в кадр. Мне все равно, что меня никто не узнает, зато я сам буду знать о своем участии в фильме».</cite></p>\r\n\r\n<p><strong>Юэн Макгрегор</strong>, <strong>Кэрри Фишер</strong> и <strong>Марк Хэмилл</strong> также выразили желание вернуться в строй. Даже <strong>Харрисон Форд</strong> не против опять стать розбойником. Но пока не было никаких официальных сообщений об актерском составе седьмого эпизода.</p>\r\n</article>', 'Siada-Apius', '2012-12-24 20:59:09', '2013-09-25 14:55:13', 0, 1),
(27, 'J.J._ABRAMS.jpg', 'Джей Джей любит смотреть «Звездные войны», а не снимать.', '<p>Режиссер «Star Trek» и «Star Rrek Into Darkness» Джей Джей Абрамс ранее сказал, что он не встанет во главе другой межгалактической франшизы, сообщает издания Entertainment WeeTly.</p>', '<article>\r\n<p>Однако судя по иному интервью, которое было дано журналу <strong>Empire</strong>, на начальном этапе режиссер все же думал о своем участие. Создатель сериала The Lost («Остаться в живых») сказал, что он и <strong>Кэтлин Кеннеди</strong>, новый куратор серии фильмов, беседовали «на очень ранней стадии создания картины» о том, каким образом он может участвовать в разработке «Звездные войны: Эпизод VII».</p>\r\n\r\n<p><cite>«Я быстро отказался из-за моей лояльности к «Стартреку», а также потому, что я являюсь поклонником "Звездных Воин", я бы вообще не хотел хоть как-то участвовать в создании следующей версии</cite>, — сказал Абрамс. — <cite>Я отказался от причастности очень давно. Я предпочитаю быть среди аудитории и не знать, что произойдет, вместо того чтобы участвовать в создании всяких мелочей для фильма»</cite>.</p>\r\n\r\n<p>В общем, Абрамс не делает секрета из своей привязанности к «Звездным войнам». и участие, возможно, упростило бы его работу над продолжением франшизы.</p>\r\n\r\n<p>И так, у нас есть сценарист <b>Майкл Арндт</b> который уже подписал контракт на авторство «Эпизода VII». Режиссер Мэттью Вон «Людей Икс: Первый класс», по слухам, ведет переговоры по поводу постановки фильма. Судя по непрекращающемуся движению вокруг картины, участие Вона (или другого режиссера) может подтвердиться в ближайшее время.</p>\r\n</article>', 'Siada-Apius', '2012-12-27 20:17:29', '2013-09-25 15:22:22', 0, 0),
(28, '17671.jpg', 'Те, без кого Звездные Войны были бы невозможны', '<p>Запуск в производство новых «Звездных войн», заставил многих актеров, игравшие в предыдущих картинах, задуматься, хотят ли они сыграть свои роли опять.</p>', '<article>\r\n<p>Давайте посмотрим, что делает время.</p>\r\n\r\n<p><b><i>Харрисон Форд</i></b></p>\r\n\r\n\r\n<img src="/img/article/28/17672.jpg">\r\n\r\n\r\n<p>Харрисон Форд был простым плотником, который, так случилось, работал на Джорджа Лукаса. Сначала он пригласил его на небольшую роль в картину «Американские граффити» 1973 года и уже в 1975-м Лукас предложил Форду за деньги прочитать фрагмент сценария «Звездных войн», после чего начинающий актер был утвержден в актерском составе фильма в качестве космического негодяя, Хана Соло.</p>\r\n\r\n<p><b><i>Марк Хэмилл</b></i></p>\r\n\r\n<img src="/img/article/28/17673.jpg">\r\n\r\n\r\n<p>До роли культового джедая, Хэмилл был неизвестным актером, который пошел на пробы <strong>Люка Скайуокера</strong> после того, как его туда затащил друг. Затем он стал голосом Джокера в мультфильмах о «Бэтмэне». Именно его голос мы слышим в игре Batman: Arkham Asylum и Arkham City. Также его голос можна услышать в игре Darksiders</p>\r\n\r\n<br/>\r\n<br/>\r\n<p><b><i>Кэрри Фишер</b></i></p>\r\n\r\n<img src="/img/article/28/17674.jpg">\r\n\r\n\r\n<p>Фишер впервые появилась в картине Уоррена Битти «Шампунь» 1975 года, и особо широко не была известна, пока не приняла участие в «Звездных войнах» и навсегда стала известна как <strong>Принцесса Лея</strong>. В последние годы активно делилась своим опытом борьбы с наркоманией. Известна она еще и ролью Энджелы в мультсериале Family Guy («Гриффины»).</p>\r\n\r\n\r\n<p><b><i>Джеймс Эрл Джонс</b></i></p>\r\n\r\n<img src="/img/article/28/17675.jpg">\r\n\r\n\r\n<p>Джонс, который озвучивал <strong>Дарта Вейдера</strong>, уже был опытным актером, номинированным на «Эмми» и «Оскар», а также имел за плечами статуэтку «Тони», когда был приглашен озвучивать джедая, которого физически играл Дэвид Проуз.</p>\r\n\r\n<p>После «Звездных войн» он появился в многих фильмах и сериалах. Мне он помнится за отрицательною роль в фильме «Конан-варвар»</p>\r\n\r\n\r\n<p><b><i>Энтони Дэниелс</i></b></p>\r\n\r\n<img src="/img/article/28/17676.jpg">\r\n\r\n\r\n<p>Протокольного дроида <strong>C-3PO</strong>, на тот момент был драматическим актером Национального театра (Великобритания).</p>\r\n\r\n<p>Отбросив сомнения в сторону, он снялся во всех шести частях «Звездных войн», а также ряде спин-оффов. В настоящее время он живет в Лондоне. Согласно информации, размещенной на его официальном сайте, он также является приглашенным ученым в Центре развлекательных технологий при Университете Карнеги-Меллона в Питтсбурге.</p>\r\n\r\n\r\n<p><b><i>Фрэнк Оз</i></b></p>\r\n\r\n<img src="/img/article/28/17677.jpg">\r\n\r\n\r\n<p>Он уже был широко известен по хиту 1979 года — «Фильму Маппетов». В качестве <strong>Йоды</strong> он появился на экране через год, в картине «Империя наносит ответный удар». Кроме Йоды, Фрэнк подарил свой голос и другими, любимыми персонажами из «Маппет-шоу» и «Улицы Сезам»</p>\r\n\r\n\r\n<p><b><i>Питер Мэйхью</i></b></p>\r\n\r\n<img src="/img/article/28/17678.jpg">\r\n\r\n\r\n<p>Питер Мэйхью работал санитаром в больнице при Королевском колледже в Лондоне. Потом он стал пушистым <strong>Чубаккой</strong>, которого мы так любим.</p>\r\n\r\n<p>В прошлом году он появился в одном из эпизодов сериала Glee («Лузеры») канала Fox. В настоящее время идет работа над биографическим фильмом о Мэйхью под названием «Чуи», в котором будет рассказываться о том, как актер ростом 2.22 м смог балансировать между карьерой работника больницы и съемками в «Звездных войнах». Мэйхью в данный момент живет в Бойде, небольшом техасском городке с населением 1 200 человек.</p>\r\n\r\n\r\n<p><b><i>Кенни Бейкер</i></b></p>\r\n\r\n<img src="/img/article/28/17679.jpg">\r\n\r\n\r\n<p>Британец Кенни Бейкер также был известным комедийным актером, Джордж Лукас утвердил его на роль малютки <strong>R2-D2</strong>. В 2009 году он опубликовал свою биографию «От крошечных желудей: история Кенни Бейкера». В настоящее время он проживает в Великобритании, где, по его словам, наслаждается прогулками по своему саду.</p>\r\n\r\n\r\n<p><b><i>Иэн Макдайармид</i></b></p>\r\n\r\n<img src="/img/article/28/17680.jpg">\r\n\r\n\r\n<p>На момент присоединения к вселенной «Звездных войн», шотландец уже был опытным театральным драматическим актером и он продолжает играть на сцене и сегодня, а его голос <strong>Императора</strong> невозможно спутать з другим персонажем. Через год после «Мести ситхов» (2005 год), Макдайармид получил «Тони» за его работу в постановке «Знахарь».</p>\r\n\r\n\r\n<p><b><i>Билли Ди Уильямс</i></b></p>\r\n\r\n<img src="/img/article/28/17681.jpg">\r\n\r\n\r\n<p>Билли Ди Уильямс выступал на Бродвее и уже сыграл в ряде известных фильмов, в том числе номинированной на «Оскар» картине «Леди поет блюз» (1972 год), прежде чем появился на большом экране в роли <strong>Лэндо Калриссиана</strong>. В последнее время его можно было увидеть в гостевых ролях в различных телешоу («Морская полиция: Cпецотдел», «Клиники»).</p>\r\n\r\n\r\n<p><b><i>Хэйден Кристенсен</i></b></p>\r\n\r\n<img src="/img/article/28/17682.jpg">\r\n\r\n\r\n<p>После исполнения роли <strong>Энакина Скайуокера</strong> в «Атаке клонов» и «Мести ситхов», он снялся в фантастической картине «Телепорт» (2008 год) и вышедшем ограниченным тиражом фильме ужасов «Исчезновение на 7-й улице» (2010 год), а также в других кинолентах. Впереди у него еще много фильмов, которые нас еще ждут, так давайте посмотрим...</p>\r\n\r\n\r\n<p><b><i>Натали Портман</i></b></p>\r\n\r\n\r\n<img src="/img/article/28/17683.jpg">\r\n\r\n<p>Ее началом известности стал «Леон», а когда ей предложили роль <strong>Падме</strong>, она даже не слышала про «Звездные войны».</p>\r\n\r\n\r\n<p><b><i>Юэн Макгрегор</i></b></p>\r\n\r\n<img src="/img/article/28/17684.jpg">\r\n\r\n\r\n<p>Макгрегор был известен по роли героинового наркомана в драме «На игле». После того как его утвердили в качестве актера «Скрытой угрозы» <strong>Оби-Вана Кеноби</strong> является международно признанной звездой, а фильм с его участием «Невозможное» о происшедшем в 2004 году цунами в Индийском океане числится среди номинантов на престижные кинонаграды.</p>\r\n\r\n\r\n<p><b><i>Джейк Ллойд</i></b></p>\r\n\r\n<img src="/img/article/28/17685.jpg">\r\n\r\n\r\n<p>После роли в комедии «Подарок на Рождество», вместе с Арнольдом Шварценеггером, Ллойд сыграл молодого <strong>Энакина Скайуокера</strong>. Вскоре после этого он перестал появляться на широких экранах, а в 2012 году признался, что съемки в фильме Лукаса стали причиной травли в школе. Недавно он прошел курс занятий на тему киноискусства в Колумбийском колледже Чикаго.</p>\r\n\r\n\r\n\r\n<p><b><i>Лиам Нисон</i></b></p>\r\n\r\n<img src="/img/article/28/21621.jpg">\r\n\r\n\r\n<p>Ирландец начал свою карьеру еще в далеких 70-х, но известность пришла к нему после фильма «Список Шиндлера». После он решает оставить драматический талант для театра и снова идет в кино, в сторону экшна, но с элементами психологии. <strong>Квай-Гон Джинн</strong> - мудрый джедай-наставник, то, что ему нужно.</p>\r\n\r\n\r\n<p><b><i>Сэмюэл Лерой Джексон</i></b></p>\r\n\r\n<img src="/img/article/28/21623.jpg">\r\n\r\n\r\n<p>Он, уже звезда многих фильмов, одни из самых известных это «Криминальное Чтиво» и «Глубокое синее море». Но он так хотел во вселенную ЗВ, что был готов на абсолютно любую роль, но Лукас отдал ему почетною роль <strong>Мейса Винду</strong>. одного из самых сильных джедаев.</p>\r\n\r\n\r\n<p><b><i>Кира Кристина Найтли</i></b></p>\r\n\r\n<img src="/img/article/28/21624.jpg">\r\n\r\n\r\n<p>Что тут сказать, она очень имет большое внешнее сходство с Натали Портман. В гриме Киру Найтли и Натали Портман не могли отличить даже родные матери, о чём в интервью «Star Wars Insider» рассказала сама Натали. Джордж Лукас пригласил её на роль двойника Королевы — <strong>Сабе</strong>. Более того, на съемочной площадке Кире иногда приходилось подменять и саму Портман. После выхода фильма этот факт был замечен только специалистами и внимательными зрителями, а многие были уверены, что обе роли — и Амидалу, и Сабе — сыграла Натали Портман.</p>\r\n\r\n\r\n<p><b><i>Роуз Бирн</i></b></p>\r\n\r\n<img src="/img/article/28/21625.jpg">\r\n\r\n\r\n<p>Служанка <strong>Дорми</strong> из второго эпизода стала её дебютом в голливуде. Роль была очень маленькая, но фанатам она пришла по душе.</p>\r\n\r\n\r\n<p><b><i>Джимми Л. Смитс</i></b></p>\r\n\r\n<img src="/img/article/28/21626.jpg">\r\n\r\n\r\n<p>Актер, которого первый фильм был снят в 1984. Роль сенатора <strong>Бейл Органа</strong> дала ему популярность. Сейчас же, он снимается в сериалах - «Декстер», «Сыны Анархии»</p>\r\n\r\n\r\n<p><b><i>Сэр Кристофер Ли</i></b></p>\r\n\r\n<img src="/img/article/28/21627.jpg">\r\n\r\n\r\n<p>Родился в 1922 году. Он снялся в более чем 250 фильмах. Во время Второй мировой войны служил в Королевских ВВС. Он зловещий Саруман, один из учеников Йоды и учитель Квай-Гон Джина, он <strong>Граф Дуку</strong>.</p>\r\n\r\n\r\n<p><b><i>Джоэл Эдгертон</i></b></p>\r\n\r\n<img src="/img/article/28/21628.jpg">\r\n\r\n\r\n<p>На мировом экране Эдгертон впервые появился как раз таки в «Звездных Войнах». Он сыграл молодого <strong>Оуэна Ларса</strong>, сводного брата Энекина Скайуокера и дядю Люка Скайуокера</p>\r\n\r\n</article>', 'Siada-Apius', '2013-01-08 11:06:44', '2013-10-08 12:33:34', 1, 0),
(30, '1000.jpeg', 'Правительство США не построит «Звезду смерти»', '<p>14 ноября 2012 года фанаты «Звездных войн» разместили на сайте американского Белого дома петицию «Об изыскании средств и начале строительства в 2016 году космической станции „Звезда смерти“». Менее чем за месяц это прошение собрало более 25 000 подписе', '<article>\r\n<p>По закону такое количество подписей стало подлежащим к рассмотрению властями США.</p>\r\n\r\n<p>На днях от имени Пола Шокросса, заведующего научно-космической отраслью в департаменте управления и бюджета Белого дома, поступил ответ следующего содержания:</p>\r\n\r\n<p><b><cite>«Хотя Белый дом разделяет ваш интерес в создании новых рабочих мест и укреплении национальной обороны, создание „Звезды смерти“* не входит в наши планы по нескольким причинам:</cite></b></p>\r\n\r\n<ul>\r\n    <li><cite>Проект такого строительства оценивается примерно в 850 квадриллионов долларов (850 000 000 000 000 000 долларов), что значительно увеличит дефицит бюджета, в то время как мы прилагаем все усилия, чтобы уменьшить его.</cite></li>\r\n    <li><cite>Белый дом не поддерживает политику уничтожения планет.</cite></li>\r\n    <li><cite>Целесообразно ли тратить огромное количество средств налогоплательщиков на „Звезду смерти“, слабым местом в конструкции которой может воспользоваться одиночка на звездолете?»</cite></li>\r\n</ul>\r\n\r\n<p>Пол Шокрасс и его ведомство также проявили неплохое знание темы, упомянув, что у них еще нет ничего, что может «преодолеть трассу Кесселя за 12 парсеков»**, и процитировав таким образом Хана Соло.</p>\r\n\r\n<p>Также авторы резолюции «Это не тот ответ на петицию, что вы ищете»*** напомнили, снабдив свое сообщение соответствующими ссылками, о некоторых достижениях в космосе и технологиях. В частности, о том, что на орбите Земли уже есть одна гигантская, размером с футбольное поле, Международная космическая станция; на поверхности Марса работают два дроида, один из которых оснащен лазерной установкой; пределы Солнечной системы готовятся покинуть два космических корабля; в Галактике открываются сотни новых планет; в NASA существует программа с аббревиатурой <b>C3PO</b>, ведутся разработки протезов рук, летающих и шагающих дроидов (а Барак Обама неплохо управляется со световым мечом).</p>\r\n\r\n<p>В заключение глава научно-космического департамента призвал студентов делать карьеру в науке и технологиях, и да пребудет с ними в этом Сила. И напомнил:</p>\r\n\r\n<p><big>«Мощь „Звезды смерти“, способной уничтожать планеты или даже целые звездные системы, незначительна в сравнении с возможностями Силы».</big></p>\r\n\r\n<em><p>* Станция диаметром в 160 км.</p>\r\n<p>** «Путь Кесселя» (Kessel Run) — во вселенной «Звездных войн» название маршрута контрабандистов от Кесселя к Си''Клаата длиной в 18 парсеков. Хан Соло на «Тысячелетнем соколе» смог срезать его до 12 парсеков, проведя путь ближе к опасному скоплению черных дыр.</p>\r\n<p>*** Отсылка к знаменитой цитате Оби-ван Кеноби из четвертого эпизода: «Это не те дроиды, что вы ищете».</p></em>\r\n</article>', 'Siada-Apius', '2013-01-13 13:37:45', '2013-10-08 14:07:45', 0, 0),
(31, 'zak_snaider.jpeg', 'Зак Снайдер отказался от «Звездные войны. Эпизод 7»', '<p>И опять отказ, студия Disney продолжает того единого и неповторимого режиссера и сегодня стало известно, что Зак Снайдер («300 спартанцев», «Хранители») пополнил солидный список «отказников».</p>', '<article>\r\n\r\n<p>Было много слухов, недавно информационный портал <strong>Vulture</strong> сообщил о том, что Снайдер работает над адаптацией и перезагрузкой художественного фильма Акиры Куросавы «Семь самураев». Журналисты утверждали, что сюжет нового проекта станет спин-оффом «Звездных войн» и будет развиваться параллельно вселенной знаменитой франшизы. Самих же ронинов заменят на джедаев.</p>\r\n\r\n<p>Конечно фанаты поверили в эту версию и как не кстати сразу вспомнили откровения Джорджа Лукаса, который сказал, что «Семь самураев» — один из его любимых фильмов.</p>\r\n\r\n<p>Представитель Снайдера сделал официальное заявление о том, что режиссер никак не связан со «Звездными войнами».</p>\r\n\r\n<div class="cor_text"><img src="/img/article/31/18008.jpg" alt="pic"></div>\r\n\r\n<p><cite>«Он большим поклонником истории противостояния джедаев и ситхов и очень польщен этими слухами. Сейчас режиссер работает только над двумя проектами: «Человеком из стали» и «300 спартанцами: Расцвет империи», — поэтому можно с уверенностью сказать, что эти слухи очень далеки от действительности».</cite></p>\r\n\r\n</article>', 'Siada-Apius', '2013-01-15 17:42:39', '2013-10-08 14:41:42', 0, 0),
(32, 'Joseph Hill Whedon.jpg', 'И у Джосса Уидона нет времени на «Звездные войны»', '<p>Либо судьба не благосклонна к новой трилогии либо достойный не хочет себя показать.</p>', '<article>\r\n<p>Либо судьба не благосклонна к новой трилогии либо достойный не хочет себя показать.</p>\r\n\r\n<p>Ирония заключается еще и в том, что это место не удается занять даже тем, кто действительно хочет снимать седьмой эпизод.</p>\r\n\r\n<p><cite>«Я гнету судьбу за свой напряженный рабочий график»</cite> - режиссер заявил, что с удовольствием взялся бы за съемки звездной трилогии, но слишком занят «Мстителями 2».</p>\r\n\r\n<div class="cor_text"><img src="/img/article/32/18037.jpg" alt="pic" /></div>\r\n\r\n<p><cite>«Когда я впервые услышал о «Звездных войнах: Эпизод 7», то сразу заинтересовался этим проектом и уже был готов действовать. К сожалению, на тот момент у меня уже была работа и спланированный график. Я не могу и не хочу бросать «Мстителей 2», ведь мне также очень нравится этот фильм, сценарий и наша команда»</cite>, — пожаловался Уидон.</p>\r\n</article>', 'Siada-Apius', '2013-01-16 21:16:52', '2013-10-08 15:00:10', 0, 0),
(34, 'J.J. ABRAMS.jpg', 'Дамы и Господа, Джей Джей Абрамс — режиссер «Звездных войн: Эпизод VII»', '<p>Режиссер, его искали уже несколько месяцев, Человека, который возглавит новую страницу саги. Наконецто поиск завершон.</p>', '<article>\r\n<p>Эту новость сообщает <strong>The Wrap</strong>.</p>\r\n\r\n<p>Кинокомпания <b>Lucasfilm</b> и главный продюсер новой трилогии Кэтлин Кеннеди, как оказалось, вели переговоры с Абрамсом в течение некоторого времени. Режиссер еще месяц назад говорил, что он и Кеннеди беседовали «на очень ранней стадии создания картины» о том, каким образом он может участвовать в разработке седьмой части. Но при этом категорически отрицал свою причастность к фильму:</p>\r\n\r\n<p><cite>«Я бы вообще не хотел хоть как-то участвовать в создании следующей версии</cite>, — сказал тогда Абрамс. — <cite>Я отказался от такой возможности очень давно. Я предпочитаю быть среди аудитории и не знать, что произойдет, вместо того чтобы участвовать в создании всяких мелочей для фильма».</cite></p>\r\n\r\n<p>Что заставило Абрамса передумать, пока неизвестно. Но какой бы не была причина, история запомнит его как постановщик двух крупнейших научно-фантастических франшиз в истории: Star Trek и Star Wars. Абрамс, является талантливым рассказчиком и постановщиком с большим опытом, так что выбор кажется даже очень удачным.</p>\r\n\r\n<h4>И так, подведем итог:</h4>\r\n\r\n<p>Есть режиссер «Эпизода VII».</p>\r\n\r\n<p>Автор картины у нас Майкл Арндт.</p>\r\n\r\n<p>Лоуренс Каздан и Саймон Кинберг пишут сценарии для следующих частей, которые могут стать либо сиквелами седьмого эпизода, либо фильмами с параллельными сюжетами и другими персонажами.</p>\r\n\r\n<p>И Зак Снайдер возможно разрабатывает еще один фильм серии, действие в котором будет происходить после событий «Возвращение Джедая» и в то же самое время, что и картины будущей трилогии.</p>\r\n\r\n<p>Выхода седьмой части «Звездных войн» ждать еще очень долго, 2015!</p>\r\n</article>', 'Siada-Apius', '2013-01-26 09:06:07', '2013-10-08 15:31:09', 0, 0),
(35, '10005.jpeg', 'Конвертация в 3D остановилась.', '<p>Еще в сентябре 2010-го Джордж Лукас заявил о планах перевыпустить все шесть эпизодов «Звездных войн», мы даже смогли увидеть первый эпизод, конвертировать в формат 3D.</p>', '<article>\r\n\r\n<p><cite>«Существует два типа 3D</cite>, — говорил Джордж Лукас. — <cite>Один из них увлекает вас вглубь экрана, а другой тип более традиционный. Я называю его эффектом 3D. Это когда с экрана в зал как бы выскакивают всякие предметы. Я не очень-то верю в тыканье предметами в лицо зрителю. По-моему, просмотр 3D должен превосходить просмотр фильма в обычном формате. И вообще это как переход от черно-белого кино к цветному: смотреть его интереснее, ощущения гораздо приятнее. И как раз это вы получите от новых „Звездных войн“».</cite></p>\r\n\r\n<p>После выхода в 3D сборы фильма «Звездные войны: Эпизод 1 — Скрытая угроза» перевалили за отметку в 1 миллиард долларов, став первой частью франшизы, которой удалось это сделать. В общей сложности трехмерная версия заработала в мировом прокате 102 миллиона долларов.</p>\r\n\r\n<p>Это не так много как «Титаник» Джеймса Кэмерона, который собрал в мире 343 миллиона долларов. Наверное студия надеялась собрать больше.</p>\r\n\r\n<p>Изначально <a href="http://force-leads.com/article/id/14">планировалось</a>, что в сентябре 2013-го выйдет «Атака клонов» в 3D, а трехмерная «Месть ситхов» последует в октябре. Затем должна была подтянуться и классическая трилогия, но сейчас Lucasfilm отказалась от этой идеи. Решено пустить все силы на работу над новой трилогией.</p>\r\n\r\n<p>Релиз намечен на 2015 год, но Абрамс не хочет торопиться и подталкивает студию к решению перенести премьеру на более поздний срок. И правда, разве достаточно так мало времени?</p>\r\n</article>', 'Siada-Apius', '2013-01-30 21:50:38', '2013-10-08 17:02:25', 0, 0),
(36, '18739.jpg', 'Спин-офф про Йоду?', '<p>Вот и первый любопытный слух о «Звездных войнах» появившейся в сети с того момента, как Джей Джей Абрамс официально возглавил работу над «Эпизодом 7».</p>', '<article>\r\n<p>Напомним, <a href="http://force-leads.com/article/id/13">ранее</a> стало известно, что <strong>Лоуренс Каздан</strong> и <strong>Саймон Кинберг</strong> пишут сценарии для следующих частей франшизы, «которые могут стать либо сиквелами седьмого эпизода, либо фильмами с параллельными сюжетами и другими персонажами».</p>\r\n\r\n<p>Как сообщает издание <strong>AICN</strong>, первый, из возможных, отдельных фильмах, создатели хотят посвятить магистре <strong>Йоде</strong>. Конечно, никакой подробной официальной информации о фильме нет, и не стоит ждать в ближайшее время ее. Будет ли потенциальная картина рассказывать о старом или молодом джедае, появится ли он на экране при помощи компьютерной графики или в виде куклы, скорее всего, станет известно не раньше, чем выйдет в прокат новый эпизод.</p>\r\n\r\n<p>Также, AICN утверждает, что у Джорджа Лукаса есть идея создать фильм о <strong>Джаббе Хатта</strong>. Но якобы для Lucasfilm фильм о Йоде у стоит на первом месте, ведь мудрейший джедай своего времени, без сомнения, заслуживает собственный фильм.</p>\r\n\r\n<div class="cor_text"><img src="/img/article/36/18740.jpg" alt="pic" /></div>\r\n\r\n<p>Кстати, о том, что Лукас рассматривает возможность создания спин-оффа, стало известно. На пресс-конференции к выходу в июле 2011 «Первого мстителя», режиссер фильма Джо Джонстон рассказал, что общается с Лукасом по поводу разработки отдельного от Star Wars фильма. Бывший техник по спецэффектам и концепт-художник «Звездных войн» заявил, что мечтает снять фильм о приключениях одного из героев франшизы — охотника за головами <strong>Бобы Фетта</strong>.</p>\r\n\r\n<div class="cor_text"><img src="/img/article/36/BobaFett.jpg" alt="pic" /></div>\r\n\r\n</article>', 'Siada-Apius', '2013-02-06 20:54:06', '2013-10-08 17:41:01', 0, 0),
(37, '18758.jpg', 'Disney подтверждает два спин-оффа!', '<p>То, что вчера было лишь слухом, сегодня стало действительностью. Генеральный директор The Walt Disney Company Роберт Айгер дал интервью телеканалу CNBC</p>', '<article>\r\n<p><a href="http://force-leads.com/article/id/13">Ранее</a> уже была новость, что <strong>Лоуренс Каздан</strong> и <strong>Саймон Кинберг</strong> пишут сценарии для следующих частей франшизы. В разговоре с журналистами <strong>Айгер</strong> подтвердил, что Disney действительно работает над фильмами из серии Star Wars, которые не являются частью общей саги.</p>\r\n\r\n<div class="cor_text"><img src="/img/article/37/18757.jpg" alt="pic" /></div>\r\n\r\n<p><cite>«Я могу подтвердить, что на самом деле мы работаем над несколькими независимыми фильмами. И Ларри Касдан и Саймон Кинберг работают над картинами, которые строятся вокруг замечательных персонажей из «Звездных войн» и не являются частью общей саги. Мы по-прежнему планируем сделать «Звездные войны: Эпизод 7, 8 и 9» в течение примерно шестилетнего периода, начиная с 2015 года. Но будет и еще несколько фильмов, выпущенных в это же время».</cite></p>\r\n\r\n<p>В предыдущей статье мы <a href="http://force-leads.com/article/id/36">писали</a>, что первый, отдельный фильм, может быть посвящен мастеру Йоде, а второй — Джаббе Хатта. Эту информацию глава Disney не подтвердил, хотя и не опроверг.</p>\r\n\r\n<p>Айгер также упоминает 2015 год в качестве даты выхода седьмого эпизода, хотя режиссер фильма Джей Джей Абрамс и продюсер Кэтлин Кеннеди недавно намекнули, что она может быть передвинута. По всей видимости, генеральный директор Disney хочет поскорее запустить в производство новые фильмы о «Звездных войнах». Но будем надеяться, что Абрамс подойдет к работе без лишней спешки и сделает все возможное, чтобы создать идеальный "Episode VII".</p>\r\n</article>', 'Siada-Apius', '2013-02-06 20:58:18', '2013-10-08 17:40:00', 0, 0),
(38, '18807.jpg', 'Спин-оффу для Хан Соло и Боба Фетт.', '<p>Буквально сразу, как глава Disney Роберт Айгер подтвердил информацию, что студия разрабатывает фильмы из серии «Звездные войны», которые не являются частью общей саги», довольно быстро всплыли новые подробности о проектах.</p>', '<article>\r\n<p><strong>Entertainment Weekly</strong> сообщает, что <strong>Disney/Lucasfilm</strong> раздумывают, как бы снять картину о молодых годах Хана Соло и об охотнике за головами Бобе Фетте.</p>\r\n\r\n<p>Фетт — любимец фанатов, который носит маску и доспехи. В трилогии-приквеле 1999-2005 г.г. этот персонаж был как бы ребенком. В «Атаке клонов» его сыграл <strong>Дэниэл Логан</strong>.</p>\r\n\r\n<div class="cor_text"><img src="/img/article/38/boba_fett.jpg" alt="pic" /></div>\r\n\r\n<p>В сообщении также упоминается, что события о Соло будет происходить в период между двумя трилогиями — до встречи с Люком. А картина про Фетта расскажет о промежутке времени между двумя оригинальными фильмами, то есть либо о событиях, происходивших между «Новой надеждой» и «Империя наносит ответный удар», либо о его жизни после пятой и шестой частях.</p>\r\n\r\n<div class="cor_text"><img src="/img/article/38/Young-Han-Solo-and-Boba-Fett-Films-in-the-Works-at-Disney-Lucasfilm.png" alt="pic" /></div>\r\n\r\n<p>И если для основной части найти режиссер была проблема то для спин-оффа о Хане Соло уже есть первый кандидат, никто иной как сам Роберт Родригес. Его участие в картине будет зависеть от самого проекта.</p>\r\n\r\n<div class="cor_text"><img src="/img/article/38/Directors.jpg" alt="pic" /></div>\r\n\r\n<p>Пока на 100% известно только одно, авторы сценария <b>Лоуренс Каздан</b> и <b>Саймон Кинберг</b> работают над параллельными проектами. При этом пока не неясно, каким образом они будут связаны.</p>\r\n</article>', 'Siada-Apius', '2013-02-07 20:34:41', '2013-10-08 18:17:13', 1, 0),
(39, '19115.jpg', 'To be, or not to be Форду в Star Wars VII?', '<p>Издание Latino Review распространило непроверенную информацию о том, что Харрисон Форд согласился вновь отправиться во вселенную Star Wars.</p>', '<article>\r\n\r\n<p>Издание Latino Review распространило непроверенную информацию о том, что Харрисон Форд согласился вновь отправиться во вселенную Star Wars.</p>\r\n\r\n<p>Еще во время, когда снимался в «Эпизоде 5: Империя наносит ответный удар»  Форд просил Лукаса <b>убить</b> его героя, категорически отказывался участвовать в следующих сериях</p>\r\n\r\n<p>Что же <b>пообещав</b> ему режиссер Джей Джей Абрамс, героическою смерть на руках Люка или Леи?.</p>\r\n\r\n<p>Если эта информация подтвердится, то для Абрамса и Форда будущий фильм не станет первым совместным проектом. В свое время Абрамс написал сценарий к драме «Кое-что о Генри» и спродюсировал комедию «Доброе утро». Главные роли в обеих картинах исполнил Форд.</p>\r\n\r\n<p><img src="/img/article/39/19116.jpg"></p>\r\n\r\n</article>', 'Siada-Apius', '2013-02-17 19:15:24', '2013-10-09 14:33:53', 0, 0);
INSERT INTO `articles` (`id`, `miniImg`, `title`, `shortDesc`, `full`, `author`, `addDate`, `updateDate`, `ratingGood`, `ratingBad`) VALUES
(40, '19255.jpg', 'Марк Хэмилл и новые «Звездные войны»', '<p>Есть ли вероятность, что Люк Скайуокер вновь зажжет свой световой меч?</p> ', '<article>\r\n\r\n<p><cite>«Они разговаривают с нами,</cite> — говорит <strong>Марк Хэмилл</strong>, сыгравший сироту-джедая. — <cite>Джордж хотел знать, интересно ли это нам вновь. Он сказал, что если мы не захотим участвовать в проекте, то они не станут брать на наши роли других актеров. Они просто убьют наших персонажей и все. В данный момент я могу сказать, что никаких контрактов мы еще не подписывали. Сейчас они хотят, чтобы мы встретились со сценаристом <strong>Майклом Арндтом</strong> и <strong>Кэтлин Кеннеди</strong>, которая возглавит <strong>Lucasfilm</strong>. Встречи с обоими уже были назначены, но затем отложены. С их стороны, конечно. Они более занятые люди, чем я».</cite></p>\r\n\r\n<p>Хэмилл говорит, что не имеет ни малейшего понятия, о чем будет фильм, но сам он хочет, чтобы все "старая гвардия" вновь появились на большом экране: начиная c <strong>Кэрри Фишер</strong> и <strong>Билли Ди Уильямсом</strong> и заканчивая <strong>Энтони Дэниелсом</strong>. Также он думает, что его персонаж мог бы пойти по стопам своего наставника <strong>Оби-Ван Кеноби</strong>...</p>\r\n\r\n<p><cite>«Я не разговаривал со сценаристом, но предполагаю, что фильм мог бы стать продолжением того, на чем закончилась сага. Например, Люк стал бы каким-нибудь влиятельным персонажем вроде Оби-Вана… (Во время съемок оригинальной трилогии) я узнал о шутке с хорошей/плохой новостью. Хорошего в ней было то, что в этой вселенной есть по-настоящему привлекательная, горячая девушка. Плохого — она моя сестра. Тогда я подумал: "Пожалуй, я закончу так же, как сэр Алек. Буду одиноким старым отшельником, живущим с двумя роботами в каком-нибудь иглу в пустыне"».</cite></p>\r\n\r\n\r\n<div class="cor_text"><img src="/img/article/40/19256.jpg" alt="pic" /></div>\r\n\r\n\r\n<p>Хэмилл сделал карьеру в озвучании мультфильмов и видеоигр. Изредка он появляется и на большом экране, — недавно Хэмилл сыграл в картине «Суши гел». </p>\r\n\r\n<p>Lucasfilm и студия Disney планируют снять новую трилогию, а также спин-оффы, в которых можно было бы сфокусироваться на отдельных персонажах.</p>\r\n</article>', 'Siada-Apius', '2013-02-21 21:14:05', '2013-10-09 14:45:20', 1, 0),
(41, '19674.jpg', 'Большая тройка, Принцесса Лея подтвердила свое возвращение!', '<p>Похоже, что в «Эпизоде 7» нам все же удастся лицезреть актеров классических Star Wars.</p>', '<article>\r\n\r\n<p>Журналисты издания <strong>Palm Beach Illustrated</strong> поинтересовались у Фишер, соответствует ли эта информация действительности:</p>\r\n\r\n<p><cite>«Disney собирается снимать продолжение саги «Звездные войны». Фильм должен выйти в 2015 году. Можете ли вы подтвердить, что сыграете в картине роль принцессы Леи?»</cite></p>\r\n\r\n<p>И получили самый простой и короткий ответ: <b><cite>«Да»</cite></b>.</p>\r\n\r\n\r\n<div class="cor_text"><img src="/img/article/41/19675.jpg"></div>\r\n\r\n\r\n<p>И так, о своем <a href="http://force-leads.com/article/id/8">возможном</a> возвращении Фишер говорила еще в ноябре. Позже стало известно, что появление <a href="http://force-leads.com/article/id/40">Марк Хэмилл</a> и <a href="http://force-leads.com/article/id/39">Харрисон Форд</a> также вполне может сбыться. Это трио имеет полное право требовать за свое возвращение большие деньги, и в данный момент, скорее всего, идут переговоры. Потребуется немало времени, чтобы Lucasfilm/Disney удалось выработать устраивающее обе стороны соглашение. Сомневаться в словах Фишер причин нет. Однако пока стороны не придут к единому решению.</p>\r\n</article>', 'Siada-Apius', '2013-03-07 20:32:25', '2013-10-09 14:59:01', 1, 0),
(42, '19681.jpg', 'А тем временем британцы о новом Хане Соло.', '<p>Как только поиски режиссера завершились, на кинопорталах прямо таки ожила новая драма о возможные спин-оффы. Конечно, как не присмотрется к актерам, которые могли бы сиграть молодого разбойника.</p>', '<article>\r\n\r\n<p>Британский информационный портал <strong>Digital Spy</strong> решил разжечь интерес к новой теме и провел опрос, какого актера они хотели бы увидеть в образе харизматичного молодого контрабандиста Хана.</p>\r\n\r\n<p>На рассмотрении было множество кандидатур, но первенства симпатий досталась <strong>Джозефу Гордону-Левитту</strong> (<b>«Темный рыцарь: Возрождение легенды»</b>). Актер получил <b>17.17%</b> голосов.</p>\r\n\r\n<div class="cor_text"><img src="/img/article/42/19678.jpg"></div>\r\n\r\n<p><b>Левитт</b> и <b>Хан Соло</b></p>\r\n\r\n\r\n<p>Второе и третье место досталось <strong>Натану Филлиону</strong> (Castle/«Касл») и <strong>Дженсену Эклзу</strong> (Supernatural/«Сверхъестественное»), которые набрали <b>15.62%</b> и <b>15.06%</b> голосов соответственно.</p>\r\n\r\n<div class="cor_text"><img src="/img/article/42/19679.jpg"></div>\r\n\r\n<p><b>Филлион</b> и <b>Эклз</b></p>\r\n\r\n\r\n<p><strong>Том Харди</strong> («Начало», «Темный рыцарь: Возрождение легенды») и <strong>Райан Гослинг</strong> («Драйв») замыкают пятерку лидеров.</p>\r\n\r\n<div class="cor_text"><img src="/img/article/42/19680.jpg"></div>\r\n\r\n<p><b>Харди</b> и <b>Гослинг</b></p>\r\n\r\n<p>Что касается последних мест, то британский зритель больше всего сомневается в <strong>Крисе Эвансе</strong> («Первый мститель»). Лишь <b>4.74%</b> пользователей доверили бы ему сыграть Хана.</p>\r\n</article>', 'Siada-Apius', '2013-03-07 20:40:08', '2013-10-09 16:04:07', 1, 0),
(43, '19883.jpg', 'Джосс Уидон - сомнительный подход Абрамса.', '<p>Не успели еще начаться съемки фильма «Эпизод 7», а в новоиспеченного режиссера уже полетели первые камни.</p>', '<article>\r\n<p>Как ни странно, но высказал сомнение в успехе его коллега по цеху — Джосс Уидон («Мстители»). Он уже много раз говорил, что сделал бы фильм совсем не таким, каким его собирается сделать Абрамс. Конечно, Уидону легко критиковать, ведь в свое время он сам <a href="http://force-leads.com/article/id/32">отказался</a> от перезагрузки франшизы, ссылаясь на большую занятость в других проектах.</p>\r\n\r\n<p>Как не странно но критике подверглось решение Абрамса <a href="http://force-leads.com/article/id/41">вернуть</a> актеров из первой трилогии: <b>Марка Хэмилла, Кэрри Фишер</b> и <b>Харрисона Форда</b>.</p>\r\n\r\n<p><cite>«Если бы я взялся снимать картину, то уж точно не стал бы оглядываться назад. Я бы создал новых уникальных и необычных персонажей, какими в свое время были эти трое. Не то, чтобы я не желал увидеть их в новом фильме, но сам бы я хотел раскрыть совершенно иную часть вселенной».</cite></p>\r\n\r\n<div class="cor_text"><img src="/img/article/43/19884.jpg"></div>\r\n\r\n\r\n<p>И не промолчал Уидон по поводу возможного спин-оффа про <a href="http://force-leads.com/article/id/37">молодого</a> <b>Хана Соло</b>.</p>\r\n\r\n<p><cite>«Я бы никогда не стал этим заниматься. Некоторые вещи просто не могут быть перезагружены».</cite></p>\r\n\r\n<div class="cor_text"><img src="/img/article/43/19885.jpg"></div>\r\n\r\n\r\n<p>Интересно, ответит ли на это Джей Джей, и не возникнет ли на почве воскрешения «Звездных войн» настоящая холодная война между режиссерами?</p>\r\n</article>', 'Siada-Apius', '2013-03-12 21:06:48', '2013-10-09 16:35:47', 0, 0),
(44, '19886.jpg', 'Lucasfilm Animation готовит перемены', '<p>Интересное объявление на официальном сайте вселенной «Звездных войн».</p>', '<article>\r\n<p>В связи с тем, что студия <strong>Lucasfilm</strong> готовится запустить в производство новую трилогию, руководство пересмотрело задачи, которые были поставлены перед отделением <strong>Lucasfilm Animation</strong>.</p>\r\n\r\n<p>Сейчас студия занимается изучением всех мультипликационных серий франшизы, истории которых не вошли в кинофильмы и телевизионные передачи. Возможно, продюсеры ищут тропинку, которая приведет всех нас к сюжету седьмого эпизода? </p>\r\n\r\n<p>Lucasfilm Animation кардинально пересматривает все свои действия относительно мультипликационной части вселенной. Сколько новых возможностей тепер открывается перед ними.</p>\r\n\r\n<p>Студия временно прекращает работать над комедийным мультсериалом <strong>"Star Wars: Detours"</strong>. Проект отложен на неопределенное время из-за подготовки к съемкам седьмого полнометражного фильма. </p>\r\n\r\n<div class="cor_text"><img src="/img/article/44/Star-Wars-The-Clone-Wars.jpg"></div>\r\n\r\n<p>Не забыли и про <strong>Star Wars: The Clone Wars</strong>. Пока известно, что мультфильм больше не будет выходить на канале <b>Cartoon Network</b>, но студия Lucasfilm Animation продолжит работу над сериалом. В течение месяца руководство компании пообещало дать развернутый комментарий о том, где теперь можно будет найти новые серии.</p>\r\n\r\n</article>', 'Siada-Apius', '2013-03-12 21:11:51', '2013-10-09 16:47:10', 0, 0),
(45, '20080.jpg', 'Новая битва во всленной.', '<p>Во вселенной Звездных война всегда йдут войны, на это раз между фанатами.</p>', '<article>\r\n\r\n<p>До выхода нового фильма остается почти два года и фанаты уже забавляются, они организовали на официальном сайте франшизы конкурс <strong>"This Is Madness"</strong>.</p>\r\n\r\n<p>В бескомпромиссной борьбе сойдутся два извечных соперника — <b>Светлая и Темная стороны Силы</b>. А кто одержит победу, решат пользователи. Фанаты должны проголосовать за одного из персонажей саги, выбрав любимца среди рыцарей джедаев, ситхов, многочисленных негодяев, повстанцев или охотников за головами.</p>\r\n\r\n<p>Результаты отборочных игр будут известны уже завтра, 1/8 финала — 29 марта, 1/4 финала — 4 апреля, полуфинала — 8 апреля, а уже 9 апреля станет известен победитель битвы.</p>\r\n\r\n<p>Соревнования между персонажами — известная фанатская забава. Понятно, что она довольно абсурдна. Выбирается наиболее забавный сценарий: например, <b>Джа-Джа Бинкс </b>выступает против <b>Генерала Гривуса</b> или <b>C-3PO</b> (который как раз и воскликнул «Это безумие!» в «пятом эпизоде») дерется против <b>Бобы Фетта</b>. Голоса обычно распределяются в соответствии с личными предпочтениями, и никого не волнуют физические характеристики персонажей, хотя каждому понятно, что C-3PO определенно надерет задницу Бобе Фетту).</p>\r\n</article>', 'Siada-Apius', '2013-03-19 19:37:36', '2013-10-09 17:04:12', 0, 0),
(46, '20252.jpg', 'Дуэйн «Скала» Джонсон хочет сниматься в «Звездных войнах»', '<p>Свой человек в Голливуде рассуждает о прокачке франшиз. Цар Скорпионов, Дуэйн «Скала» Джонсон говорит о том, что с удовольствием поучаствовал бы в съемках какой нибудь саги, например, где-то в далекой-далекой галактике.</p>', '<article>\r\n<p><cite>«"Звездные войны"</cite>, — улыбается Джонсон. — <cite>Не сказать, чтобы они так уж нуждались во мне. Они все делают очень хорошо. Джей Джей всех просто порвет. Я так взволнован. Этот парень не просто гениальный режиссер, но он на самом деле уважает сам миф. Вы видели "Звездный путь"? И вы ожидаете увидеть то же и в "Звездных войнах". Я взбудоражен по этому поводу».</cite></p>\r\n\r\n<p>Даже если в новой части «Звездных войн» Абрамса  нет задуманой роли специально для <b>«Скалы»</b>, но заявив таким образом о своем желании засветиться в проекте, это умный ход. Ведь именно таким ходом поступил <b>Сэмюэл Л. Джексон</b> заполучив роль <b>Мейса Винду</b>, которая была написана специально для него в трилогии-приквеле.</p>\r\n\r\n<p>Сейчас же Джонсона имеет большие планы на <b>«форсажную»</b> франшизу. Он появится в роли Люка Хоббса в «Форсаже 6», стартующем 23 мая. И даже возможно, что Хоббсу будет посвящен отдельный фильм, но эте информация не проверенная.</p>\r\n\r\n<p><cite>«Людям понравится этот персонаж</cite>, — говорит Дуэйн о спин-оффе. — <cite>Я думаю, это может выстрелить. Нам нужно немного подождать и посмотреть, как воспримут "Форсаж 6". Мне понравилось работа в проекте»</cite>.</p>\r\n\r\n<div class="cor_text"><img src="/img/article/46/Dwayne Johnson.jpg"></div>\r\n\r\n<p><cite>«У <b>Люка</b> должен быть напарник,</cite> — говорит актер. — <cite>У него и Дома будет еще одно приключение в духе Буча и Сандэнса».</cite></p>\r\n\r\n</article>', 'Siada-Apius', '2013-03-25 20:17:14', '2013-10-09 17:22:40', 0, 0),
(47, '20327.jpg', 'Интервью Джей Джей Абрамс о «Звездных войнах 7»', '<p>Как только, кто то, упоминание слова Джей Джей Абрамс, сразу возникает вопрос о новых «Звездных войнах»</p>', '<article>\r\n<p>Ресурс <strong>Empire</strong> задал режиссеру несколько вопросов во время интервью, где обсуждали и другой фильм Джей Джея — «Стартрек: Возмездие».</p>\r\n\r\n<p><cite>«Я ничего не знаю, потому что мы только в начале пути. Это очень важный вопрос, на который я надеюсь достойно ответить, когда у меня будет готов ответ. Сейчас у меня больше вопросов, чем ответов, но они не сильно друг от друга отличаются. К обоим проектам я пришел разными путями, но оба они сошлись в пункте "О! Это действительно круто!". И хотя я никогда не был поклонником франшизы <b>«Звездный путь»</b>, я понимал, что могу сделать такую его версию, которая бы мне самому понравилась»</cite>, — говорит Абрамс.</p>\r\n\r\n<p><cite>«Как к этому подойти, каким путем пойти, кого привлечь — всего этого я не знал, только догадывался, но при этом понимал, что основой мне должен служить неописуемый пыл и рвение к конечному результату,</cite> — попытался объяснить режиссер. — <cite>То же самое я чувствую сейчас по отношению к <b>"Звездным войнам"</b>. Меня будто одолевает голод, так хочется увидеть их снова, и это невероятно волнующий момент — готовность приступить к проекту».</cite></p>\r\n\r\n<div class="cor_text"><img src="/img/article/47/abrams-star-wars-star-trek.jpg"></div>\r\n\r\n<p>Киностудия <b>Lucasfilm</b>, мягко говоря, удивила поклонников франшизы, когда назначила на пост режиссера <b>Джей Джея Абрамса</b>. Тем более, что ранее он уже говорил свое твердое «нет» в ответ на это заманчивое предложение. Оказывается, он просто был сильно занят: <cite>«Я находился в разгаре работы над <b>«Стартреком»</b> и, естественно, не мог всерьез рассматривать это предложение. Но потом прошло какое-то время, я выполнил самую тяжелую часть работы и <a href="http://force-leads.com/article/id/27">встретился</a> с Кэтлин Кеннеди для более предметного разговора. А потом просто рассказал своей жене, что имел очень интересную беседу с <b>Кэти</b>. Так все началось»</cite>.</p>\r\n</article>', 'Siada-Apius', '2013-03-25 20:23:56', '2013-10-09 17:59:34', 0, 0),
(48, '20852.jpg', 'This Is Madness: результаты!', '<p>Вот и итоги смертельной схватки. Кто же стал победителем?</p>', '<article>\r\n<p>Каждый день начиная с 18 марта <a href="http://force-leads.com/article/id/45">поклонники</a> франшизы могли отдавать свои голоса за любимых героев.</p>\r\n\r\n<p>И так, в четвертьфинале самыми мощными представителями были Мастер джедаев <b>Йода</b> — с <b>67%</b> голосов и робот <b>Р2-Д2</b> — с <b>33%</b>. Против них выступали <b>Дарт Вейдер</b> — с <b>74%</b> и наемник <b>Боба Фетт</b> — с <b>26%</b>.</p>\r\n\r\n<p>Но в финале должен был остаться только один. Результат был совершенно непредсказуем, однако добро в итоге все же одержало верх, и победителем сумасшедшей битвы стал Йода, отхватив убедительные 60% голосов и оставив Лорда Ситхов на втором месте. «Кто в меня верил, всем спасибо говорю я», — поблагодарил Мастер своих болельщиков.</p>\r\n\r\n<div class="cor_text"><img src="/img/article/48/20851.jpg"></div>\r\n</article>', 'Siada-Apius', '2013-04-11 20:24:25', '2013-10-09 18:22:11', 0, 0),
(49, '21156.jpg', 'Пока существует Вселенная, «Звездные войны» будут идти.', '<p>Глава студии Disney Алан Хорн на фестивале CinemaCon сообщил, что новые «Звездные войны» будут выходить каждый год, начиная с 2015-го и, возможно, вплоть до гибели Вселенной.</p>', '<article>\r\n<p>Подтверждая слухи, <strong>Хорн</strong> заявил, что обновление франшизы выльется в целую серию независимых друг от друга фильмов, включая спин-оффы, посвященные отдельным героям. Все это не считая новой трилогии, конечно. И продолжаться это все будет минимум до 2020 года.</p>\r\n\r\n<p>Седьмой эпизод Star Wars под чутким руководством Джей Джея Абрамса готовится к тому, чтобы снова <a href="http://force-leads.com/article/id/41">объединить</a> <b>Хана Соло</b>, <b>Лею</b> и <b>Люка Скайуокера</b>. Официального оглашения актерского состава конечно пока не было.</p>\r\n\r\n<p>Специально к данной новости ресурс <strong>EW</strong> обнародовал в фейсбуке этот постер:</p>\r\n\r\n<div class="cor_text"><img src="/img/article/49/21155.jpg"></div>\r\n</article>', 'Siada-Apius', '2013-04-20 11:19:00', '2013-10-09 18:29:45', 0, 0),
(52, 'alderaan.jpg', 'Возможно в Шотландии будут снимать новый эпизод?', '<p>Станет ли Шотландии  новым домом для целой франшизы как это было с Властелином Колец и Новой Зеландией.</p>', '<article>\r\n\r\n<p>Как сообщает информационный портал <strong>The Sun</strong>, именно Шотландия первая в пункте претендентов. Якобы боссам студии <strong>Disney</strong> очень понравились пейзажи и скалистый рельеф, который отлично подходит для съемок некоторых сцен картины.</p> \r\n\r\n<div class="cor_text"><img src="/img/article/52/scotland.jpg" alt="pic" /></div>\r\n\r\n<p>Если информация подтвердится, то «Звездные войны 7» присоединятся к другим блокбастерам, которые выбрали Шотландию в качестве съемочной площадки — среди них приключенческий фантастический боевик «Темный рыцарь: Возрождение легенды» и криминальный триллер «007: Координаты "Скайфолл"». Кстати, оба фильма собрали в мировом прокате более <b>$1 млрд</b> и стали одними из самых успешных картин в 2012 году.</p>\r\n\r\n<p>По обещаниям <b>Disney</b>, режиссер Джей Джей Абрамс должен закончить производство седьмого эпизода <b>в 2015 году</b>. В тот же год должна состояться премьера фильма на больших экранах.</p>\r\n</article>', 'Siada-Apius', '2013-05-07 10:42:00', '2013-10-09 18:42:46', 0, 0),
(58, 'darth-vader-london-kinect-star-wars-2.jpg', '«Звездные войны» возвращаются в Великобританию.', '<p>The Hollywood Reporter сообщает, что «Звездные войны: Эпизод 7» пойдут по стопам своих предшественников</p>', '<article>\r\n<p>The Hollywood Reporter сообщает, что «Звездные войны: Эпизод 7» пойдут по стопам своих предшественников. Об этом издание узнало из официального пресс-релиза киностудии <strong>Lucasfilm</strong>.</p>\r\n\r\n<p><cite>«В процессе поиска вдохновения мы уделили много внимания исследованиям истоков <b>"Звездных войн"</b></cite>, — комментирует президент <strong>Кэтлин Кеннеди</strong>, — <cite>и я очень рада, что для производства седьмой части франшизы мы вернемся в Великобританию. Не говоря о моих собственных теплых отношениях с этой страной, ведь именно там мы снимали фильмы <b>"Индиана Джонс: В поисках утраченного ковчега"</b> и недавний <b>"Боевой конь"</b>».</cite></p>\r\n</article>', 'Siada-Apius', '2013-05-13 11:16:30', '2013-10-09 18:49:50', 0, 0),
(59, 'Джонатан Рис-Майерс.jpg', 'Джонатан Рис-Майерс в седьмых «Звездных войнах»?', '<p>Все новые слухи касались возвращения старых актеров из первой трилогии. Но что на счет новых?</p>', '<article>\r\n<p>Портал <strong>LatinoReview</strong> в этот раз спешит поделиться свежимы новостями о возможных новых лицах франшизы, которые могут появиться в седьмом фильме.</p>\r\n\r\n<p>Как сообщается, сейчас студия <strong>Disney</strong> ведет переговоры с ирландцем <b>Джонатаном Рис-Майерсом</b>, которого зрители могут помнить по историческому сериалу The Tudors («Тюдоры») и комедийному боевику «Из Парижа с любовью».</p>\r\n\r\n<p>В поддержку слухов о кастинге актера также говорит тот факт, что Майерс уже работал с режиссером Джей Джеем Абрамсом в приключенческом триллере «Миссия невыполнима 3». Конечно пока нет никакой информации о том, какого персонажа мог бы сыграть Джонатан.</p>\r\n\r\n</article>', 'Siada-Apius', '2013-05-20 18:36:39', '2013-10-10 11:22:39', 0, 0),
(60, '22796.jpg', 'Брат с сестрой в новых «Звездных войнах»', '<p>Вокруг картины собралось все больше и больше догадок и слухов.</p>', '<article>\r\n\r\n<p>Журналисты информационного портала <strong>Schmoes Know</strong> взорвали Интернет сообщением , что знают подробности нового эпизода. И сразу первый вопрос, не про что он будет, а от куда у них такая информация и насколько она достоверна. Давайте уделим этой теме внимание, ведь сюжет выглядит весьма правдоподобно.</p>\r\n\r\n<div class="cor_text"><img src="/img/article/60/22797.jpg"/></div>\r\n\r\n<p><cite>По словам <b>Schmoes Know</b>, седьмой фильм расскажет о двух 17-летних близнецах: <strong>Джейне</strong> и <strong>Джейсене Соло</strong>! Под наставничеством своего <b>дяди</b> Люка Скайуокера они очень быстро и умело овладевают Силой, после чего становятся величайшими джедаями в галактике. Все у них шло хорошо до тех пор, пока Джейсен не стал заглядываться на «темную сторону». В полной уверенности, что идет правильным путем, он постепенно меняет свои принципы и желания. В конечном итоге Джейсен становится Дартом Кейдусом, и только родная сестра может его остановить</cite>.</p>\r\n\r\n<div class="cor_text"><img src="/img/article/60/22795.jpg"/></div>\r\n\r\n<p>Ну как Вам такое? Если все это окажется действительностью, то уже скоро все будут рассуждать на тему, какие актеры подходят, возраст и внешность. Посмотрим, прокомментирует ли студия Walt Disney эти слухи или продолжит хранить интригующее молчание.</p>\r\n</article>', 'Siada-Apius', '2013-06-13 17:08:03', '2013-10-10 11:57:42', 0, 0),
(61, 'jwilliams2.jpg', '«Звездные войны» без Джона Уильямса не «Звездные войны»!', '<p>Джей Джей Абрамс сообщил, что ожидает присоединение легендарного Джона Уильямса к седьмому эпизоду «Звездных войн»</p>', '<article>\r\n<p>Джей Джей Абрамс сообщил, что ожидает присоединение легендарного <strong>Джона Уильямса</strong> к седьмому эпизоду «Звездных войн». Культовый композитор создал музыку к всем шести фильмам вселенной и получил оскар за работу над четвертым эпизодом.</p>\r\n\r\n<p>О сотрудничестве с Уильямсом, а не с <strong>Майклом Джаккино</strong>, Абрамс сообщил на конференции посвященной новому «Стартреку». <cite>«Майкл Джаккино — невероятный композитор, с которым я был счастлив работать — заметил режиссер. Он — действительно один из самых влиятельных членов нашей команды, а, работая над новым „Стартреком“, он превзошел себя. О „Звездных войнах“ говорить еще рано, но я надеюсь что Джон Уильямс присоединиться к проекту, потому как он участвовал в нем задолго до меня.»</cite></p>\r\n\r\n<p>Сам Уильямс ранее в этом году выразил желание возвратиться к вселенной, при этом делая замечание: <cite>«Я должен удостовериться, что я все еще готов»</cite>.</p>\r\n</article>', 'Siada-Apius', '2013-06-13 18:36:53', '2013-10-10 12:14:26', 0, 0),
(68, 'star-wars-episode-7-poster.jpg', 'Первые догадки про актеров новых «Звездных войн»', '<p>Всемирная паутина продолжает пополняться слухами вокруг новых «Звездные войны: Эпизод 7».</p>', '<article>\r\n<p>Недавно <a href="http://force-leads.com/article/id/60">была</a> информация о возможном сюжете будущего фильма, а теперь информационный портал <strong>Bleeding Cool</strong> опубликовал некоторые данные кастинга проекта. В студии <strong>Walt Disney</strong> пока никак не подтвердили эту информацию, но репортеры из Bleeding Cool утверждают, что у них лист кастинг-контроля, опираясь на который, агенты будут искать новых актеров в Великобритании и США. Список, это общии требования к кандидатам: пол, возраст, черты характера и т.д.</p>\r\n\r\n<div class="cor_text"><img src="/img/article/68/22999.jpg" /></div>\r\n\r\n<p>Итак, вот они, наши будущие герои:</p>\r\n\r\n<ul>\r\n<li>Девушка позднего подросткового возраста. Независимая. Хорошее чувство юмора. Стройная.</li>\r\n<li>Девушка позднего подросткового возраста. Жесткая. Умная. Подтянутая. </li>\r\n<li>Мужчина, около 20 лет. Остроумный. Умный. Условно стройный.</li>\r\n<li>Мужчина, 25-30 лет. Привлекательный. Уверенный в себе.</li>\r\n<li>Мужчина, около 40 лет. Военного типа. </li>\r\n<li>Мужчина, около 70 лет. Властный и жесткий. Фигура не имеет значения.</li>\r\n</ul>\r\n\r\n<p>Пока что, это вся информация для рассуждений. Не стоит забывать, что предыдущие фильмы франшизы были насыщенны спецэффектами, и седьмая часть вряд ли станет исключением. Указанные выше требования вовсе не означают, что такими зрители сумеют увидят актеров в самом фильме.</p>\r\n\r\n<div class="cor_text"><img src="/img/article/68/22997.jpg" /></div>\r\n\r\n<p>Как сообщает сайт <strong>TheForce.net</strong>, представитель Lucasfilm подтвердил правдивость списка.</p>\r\n\r\n<p>Кем могут быть эти персонажи? Уж не Хан Соло ли «мужчина за семьдесят»? Молодые люди — дети Хана и Леи? По слухам, главную роль в седьмом эпизоде Абрамс решил сделать женской. Участие Харрисона Форда уже вообще <a href="http://force-leads.com/article/id/39">не обсуждается</a>: он неоднократно подтверждал, что готов к роли Хана Соло.</p>\r\n</article>', 'Siada-Apius', '2013-06-20 18:02:20', '2013-10-10 12:30:19', 0, 0),
(69, '23929.jpg', '20 интересных фактов.', '<p>В каждой истории есть факт, который не все знают.</p>', '<article>\r\n<p>В каждой истории есть факт, который не все знают и «Звездные войны» не исключения</p> \r\n\r\n<ul>\r\n    <li>Изначально проект фильма назывался <strong>«Приключения Люка Старкиллера, описанные в журнале Ордена Уиллс. Сага 1: Звездные войны»</strong>. Потом название было сокращено, а фамилия Люка была изменена на Скайуокер.</li>\r\n\r\n    <li>Дарта Вейдера - это три актера: голос взят у <strong>Джеймса Эрла Джонса</strong>, лицо — у <strong>Себастьяна Шоу</strong>, а тело — у <strong>Дэвида Проуза</strong>.</li>\r\n\r\n<p><div class="cor_text"><img src="/img/article/69/James Earl Jones.jpg" alt="pic" /></div></p>\r\n<p><div class="cor_text"><img src="/img/article/69/Sebastian Shaw.jpg" alt="pic" /></div></p>\r\n<p><div class="cor_text"><img src="/img/article/69/David Prowse.jpg" alt="pic" /></div></p>\r\n\r\n    <li>Игрушки по мотивам «Звездных войн» — одни из самых популярных среди игрушек, созданных по мотивам кино: с 1978 по 1986 год было продано <b>250 млн</b> фигурок.</li>\r\n\r\n<p><div class="cor_text"><img src="/img/article/69/23938.jpg" alt="pic" /></div></p>\r\n\r\n    <li>Джордж Лукас был вынужден создать компанию по спецэффектам <strong>Industrial Light and Magic</strong>, поскольку подразделение по спецэффектам 20th Century Fox было закрыто сразу после того, как он получил «зеленый свет» на съемки «Звездных войн».</li>\r\n\r\n    <li>Голос <b>магистру Йоде</b> подарил Фрэнк Оз, который озвучил также мисс Пигги из Шоу Маппетов.</li>\r\n\r\n<p><div class="cor_text"><img src="/img/article/69/23933.jpg" alt="pic" /><img src="/img/article/69/23926.jpg" alt="pic" /></div></p>\r\n\r\n    <li>Марк Хэмилл, попал в автомобильною аварию и <b>повредил лицо</b>.  И пересъемка некоторых сцен первого фильма стала невозможна. Именно поэтому фильм начинается сценой нападения на Люка снежного зверя Вампы — надо же было как-то объяснить шрамы на лице героя.</li>\r\n\r\n<p><div class="cor_text"><img src="/img/article/69/23928.jpg" alt="pic" /><img src="/img/article/69/luke_epidode_5.jpg" alt="pic" /></div></p>\r\n\r\n    <li>Звук дыхания Дарта Вейдера - это регулятор из акваланга.</li> \r\n\r\n    <li>Было задействовано не менее десяти кукольников, чтобы оперировать фигурой Джаббы Хатта.</li>\r\n\r\n<div class="cor_text"><img src="/img/article/69/jabba_and_creators.jpg" alt="pic" /></div>\r\n\r\n    <li>В результате съемок «Star Wars» у Лукаса было повышенное давление и истощение.</li>\r\n\r\n    <li>Черты <b>характера</b> Хана Соло были скопированы с характера друга Джорджа Лукаса, режиссера <b>Фрэнсиса Форда Копполы</b>.</li>\r\n\r\n    <li>Премьера каждого из фильмов саги состоялась в США через неделю после дня рождения Лукаса 14 мая.</li>\r\n\r\n    <li>Джон Уильямс <b>получил</b> «Оскара» за музыку к фильму. Позже звуковая дорожка картины была названа Американским киноинститутом <b>«Величайшей музыкой к фильму всех времен»</b>.</li>\r\n\r\n    <li>Сисси Спейсек прослушивалась на роль принцессы Леи.</li>\r\n\r\n    <li>На роль Хана Соло, кроме получившего ее Харрисона Форда, было еще пять кандидатов: Курт Расселл, Ник Нолти, Кристофер Уокен, Аль Пачино, Перри Кинг.</li>\r\n\r\n    <li>Персонаж Чубакки <b>основан</b> на собаке Лукаса по кличке <b>Индиана</b>. Она также дала имя главному герою из приключений «Индианы Джонса».</li>\r\n\r\n    <li>Там где проходили съемки сцен для «Возвращения джедая» было индейское племя Мивок, которое и послужило названием Эвоков</li>\r\n\r\n<div class="cor_text"><img src="/img/article/69/23932.jpg" alt="pic" /></div>\r\n\r\n    <li>Художники черпали вдохновение из формы <b>гамбургера с оливкой</b> на боку, создавая концепт «Тысячелетнего сокола».</li>\r\n\r\n    <li>Р2-Д2 получил имя из профессионального жаргона монтажеров, точнее, из фразы <b>"reel 2, dialog 2"</b>.</li>\r\n\r\n    <li>Модели боевых кораблей в фильмах основаны на формах самолета и носка.</li>\r\n    <li>В оригинальном фильме 1977 года мы не видели Джаббу, сначала это был обычный человек. Его заменили позже графикой.</li>\r\n\r\n    <div class="cor_text"><img src="/img/article/69/jabba-set.jpg" alt="pic" /></div>\r\n\r\n    <li>И в 5 эпизоде, император был вовсе другим</li>\r\n\r\n    <div class="cor_text"><img src="/img/article/69/emperor.jpg" alt="pic" /></div>\r\n</ul></article>', 'Siada-Apius', '2013-07-16 11:43:30', '2013-10-10 14:41:19', 0, 0),
(70, 'wpid-fdd6b298026417dffe.jpg', 'Райан Гослинг новый Люком Скайуокером?', '<p>И опять новый слух об актерском составе.</p>', '<article>\r\n<p>Интернет-ресурс <strong>Latino Review</strong> сделал встряску всемирной паутины сенсацией, возможно это и банальный слух. Информация о том, что в «Эпизоде 7» могут сниматься <strong>Райан Гослинг</strong> и <strong>Зак Эфрон</strong>. Даже <strong>Леонардо ди Каприо</strong> была предложена роль, однако он от неё отказался.</p>\r\n\r\n<p>Тот же источник сообщает, что Эфрон претендует на пока неуказанную роль, а Гослинг — на роль самого Люка Скайуокера. Детали обещано предоставить в августе, а в настоящий момент студия Disney серьёзно присматривается к етим актёрам.</p>\r\n\r\n<p>Что до мистера ди Каприо, он предпочёл поучаствовать в другом проекте, съёмки которого также не за горами — это научно-фантастический фильм «Роботек». Конечно никаких деталей.</p>\r\n\r\n<p>Официально автором сценария является Майкл Арндт, <a href="http://force-leads.com/article/id/34">режиссёр</a> — Джей-Джей Абрамс, и актёры — Харрисон Форд, Кэрри Фишер и Марк Хэмилл.</p>\r\n</article>', 'Siada-Apius', '2013-08-15 12:20:05', '2013-10-10 15:05:44', 0, 0),
(71, 'DarthMaulTCW-RevengeTrivia.jpg', 'Рэй Парк хочет вернуться в роль.', '<p>Сит «Скрытой угрозы» заявил, что готов на все, лишь бы сыграть еще раз Дарта Мола.</p>', '<article>\r\n<p>В интервью британскому ресурсу <strong>Flicks and the City</strong> Рэй Парк рассказал, что хотел бы видеть своего героя в новых фильмах знаменитой франшизы и так уже случилось, что если верить мультсериалу <strong>The Clone Wars</strong> Мол остался жив после того как его разрубили и сбросили в пропасть...</p>\r\n\r\n<p><cite>«Я уже говорил, что хотел бы в той или иной степени быть причастным к новым "Звездным войнам", — уточнил актер, — но в глубине души я понимаю, что хочу вернуться именно в образе Дарта Мола. Я бы просто помешался, заперся бы в хижине на два три месяца, ловил бы рыбу копьем и делал бы все эти вещи, только чтобы снова сыграть своего героя».</cite></p> \r\n\r\n<div class="cor_text"><img src="/img/article/71/ray park behind scene.jpg" alt="pic" /></div>\r\n\r\n<p>Так что, если новому режиссеру франшизы понадобится, то один отрицательный герой уже есть.</p>\r\n</article>', 'Siada-Apius', '2013-08-12 18:43:24', '2013-10-10 17:05:24', 0, 0);
INSERT INTO `articles` (`id`, `miniImg`, `title`, `shortDesc`, `full`, `author`, `addDate`, `updateDate`, `ratingGood`, `ratingBad`) VALUES
(72, 'images.jpeg', 'Dark Horse готовит комиксы по сценарию «Звездных войн»', '<p>Джорджа Лукаса дал свое издательству Dark Horse Comics добро на выпуск комиксов, основанных на черновике сценария.</p>', '<article>\r\n<p>4 сентября Dark Horse, третье по величине издательство комиксов в США, начнет продавать первый из восьми выпусков.</p>\r\n\r\n<p>Художник Майк Мэйхью, который пообещал в своем твиттере «невероятный экшен, укомплектованный кучей персонажей, которых мы раньше не встречали!».</p>\r\n\r\n<p>По началу Лукас показал сценарий студия Universal, но та отвергла. Шеф потом оправдывался, что понять, что за существа такие C3PO и R2D2 никак не мог. После Джордж немного отредактировал текст, и предложил сценарий студии 20th Century Fox.</p>\r\n\r\n<p>Комиксы на основе саги не раз выпускались разными сериями издательством Marvel, и первый номер журнала давно стал ценнейшим товаром среди коллекционеров, эта серия обещает обрести популярность.</p>\r\n</article>', 'Siada-Apius', '2013-08-12 18:44:47', '2013-10-10 19:00:21', 0, 0),
(73, '24802.jpg', 'Датой релиза «Эпизод VII» будет лето 2015', '<p>Студия Disney объявила дату релиза седьмой части «Звездных войн».</p>', '<article>\r\n<p>Глава компании <strong>Алан Хорн</strong> сообщил о том, что новый эпизод выйдет в прокат летом 2015 года.</p>\r\n\r\n<p>Как сообщалось ранее, производство картины должно начнется не раньше 2014 года. Возможно Disney и придумали как в столь короткое время создать полностью фильм. Надеимся, что ихний профессионализм им в этом поможет.</p>\r\n\r\n<p>Такое впечатление, что 2015 будет проклят, в хорошем значении, нас ждут просто таки грандиозные фильмы: «Мстители: Эра Альтрона», «Пираты Карибского моря - Мертвецы не рассказывают сказки», «День Независимости 2», «Assassin’s Creed», «Терминатор» и это далеко не весь список... Очень горячий будет год.</p>\r\n\r\n<p>Но «Звездные войны» это «Звездные войны» и стальные студии, скорее всего, будут учитывать этот факт и подстраиваться под дату релиза.</p>\r\n</article>', 'Siada-Apius', '2013-08-13 12:17:09', '2013-10-10 19:14:03', 0, 0),
(74, 'Darth_Sidious_NEGTC2.jpg', 'Возвращения императора?', '<p>Да неужели... Иэн Макдайармид заявил, что готов вернуться.</p>', '<article>\r\n<p>Если мы будем ити по комиксам, то главный злодей галактики будет воскрешен в качестве клона.</p>\r\n\r\n<p>Появилась информация о том, что Макдайармид <b>точно</b> вернется в седьмом эпизоде, но на сей раз станет Призраком Силы, каким был Оби-Ван.</p>\r\n\r\n<p>Портал <strong>Latino Review</strong> следующим образом описывает сценарий Майкла Арндта: <cite>«Лорды Ситов имеют схожие с Джедаями техники и могут физически взаимодействовать с окружением даже после смерти. Палпатин не будет клоном, но предстанет не в человеческой форме, те кто играет в The Old Republic за сторону империи, могли не раз видеть старых мастеров в форму духа»</cite>.</p>\r\n\r\n<p>Также поговаривают, что у Палпатина мог быть новый ученик, которого он успел воспитать до того, как был убит Дартом Вейдером.</p>\r\n\r\n<p>Судя по всему, новый фильм не будет основан на уже существующих комиксах и книгах, а значит -  множество сюрпризов для всех поклонников космической саги. Давайте не будем загадывать наперед, дождемся 2015 года, когда седьмой эпизод выйдет в прокат.</p>\r\n</article>', 'Siada-Apius', '2013-08-15 12:22:58', '2013-10-11 15:54:26', 0, 0),
(75, 'persimg7227.jpg', 'Дарт Вейдер хочет вернуться.', '<p>Все хотять к «Звездным войнам». На этот раз это Дэвид Проуз.</p>', '<article>\r\n<p>В интервью с <strong>HullDailyMail</strong> актер рассказал, что изначально ему предлагали роль Чубакки, но он от нее отказался. <cite>«Это все равно, что играть большую гориллу</cite>, — объяснил <strong>Проуз</strong>, — <cite>а я не думаю, что смог бы ходить в таком костюме в течение трех месяцев»</cite>. В итоге он получил роль Дарта Вейдера, одного из самых узнаваемых злодев всех времен.</p>\r\n\r\n<p><cite>«Никто не запоминает положительных героев в фильмах. Все помнят только злодеев, и Вейдер стал лучшим кинозлодеем всех времен»</cite>, — добавил актер. Проуз согласен на любую другую роль.</p>. \r\n\r\n<p><cite>«К сожалению, Дарт Вейдер мертв</cite>, — сказал актер, добавив, — <cite>было бы неплохо вернуться и сыграть еще одну роль, ведь никто никогда не видел моего лица. Я всегда был в костюме»</cite>.</p>\r\n\r\n\r\n<p>Скорее всего Проуз не появится в новой трилогии, но он надеется, что новая часть будет гораздо лучше предыдущей. <cite>«Мне совершенно не понравились "Звездные войны. Эпизод 1, 2 и 3"</cite>, — сказал он. — <cite>Они были просто ужасны. И так думают многие. Их даже близко нельзя сравнить с оригинальными фильмами, сюжет которых был гораздо правдоподобней»</cite>. Много совпадений, в первом эпизоде (эпизод 4) на глазах ученика убивают учителя и в другом первом эпизоде (эпизод 1) также это случается. В обеих вторых эпизодах главный злодей отсекает руку главному герою. Но эти совпадения были задуманы самим Лукасом</p>\r\n</article>', 'Siada-Apius', '2013-08-20 10:15:22', '2013-10-11 18:02:41', 0, 0),
(76, '/star wars company.jpg', '«Звездные войны: Эпизод 7»: стиль - «олдскул».', '<p>Режиссер Джей Джей Абрамс продолжает набирать свою команду для работы над фильмом.</p>', '<article>\r\n<p>Тепер присоединился оператор <strong>Дэниэл Миндел</strong> к уже занявшему свое привычное место композитору <strong>Джону Уильямсу</strong>.</p>\r\n\r\n<p>Они уже работали вместе над картинами «Миссия невыполнима 3», «Звездный путь» и «Звездный путь: Возмездие». Но зрителям не стоит опасаться очередной порции знаменитых солнечных бликов, которыми славится дуэт. Режиссер и оператор хотят разработать новый, уникальный подход ко вселенной «Звездных войн». Конечно, что Абрамс хочет сделать фильм таким образом, чтобы тот как можно сильнее отличался от конкурента космической франшизы, над которой режиссер успел поработать.</p> \r\n\r\n<p>Приятной новостью станет информация о том, что Абрамс и Миндел будут снимать «Эпизод 7» на 35-миллиметровую пленку. Второй и третий эпизод саги были сняты Джорджем Лукасом в цифровом формате, что вызывало бурю негодования. Решение Возможно  режиссеру удастся вернуть киносерию к корням.</p>\r\n</article>', 'Siada-Apius', '2013-08-23 10:17:26', '2013-10-14 00:43:38', 0, 0),
(77, 'star-wars-episode-7-poster-fan-poster.jpg', 'Возможный сдвиг релиза.', '<p>Скорость роботы стает все большей и большей. Слухов и догадок также стает не меньше. Один из слухов - это официальная дата начала работы над фильмом.</p>', '<article>\r\n<p>Эту информацию раскрыл портал <strong>LatinoReview</strong></p>\r\n\r\n<p>Ранее сообщалось, что съемки <a href="http://force-leads.com/article/id/58">стартуют</a> в Лондоне, в начале первого квартала 2014 года. Теперь же назван конкретный день — <p>21 января</p>. Конечно информация пока не подтверждена официально, но у издания LatinoReview надежная репутация, которой можно доверять.</p>\r\n\r\n<p>Также стоит упомянуть и такую интересную информацию, слух о возможном переносе премьеры картины. Студии <strong>Disney</strong> и <strong>Lucasfilm</strong> сильно отстают от своего графика, поэтому есть большая вероятность того, что «Звездные войны 7» выйдут в широкий прокат не раньше Рождества 2015 года, а это почти за неделю до Нового Года, чего и стоило ожидать. Изначальной датой было 15 июля.</p>\r\n\r\n</article>', 'Siada-Apius', '2013-08-27 10:18:29', '2013-10-13 12:20:36', 0, 0),
(78, 'StarWarsEpisode7_Abrams_Yavin4.jpg', 'Новые слухи о кастинге «Эпизода 7»', '<p>И вновь портал LatinoReview продолжает шокировать эксклюзивными новостями.</p>', '<article>\r\n<p>Первая новость говорить о том, что британская актриса <strong>Рейчел Херд-Вуд</strong> может стать <b>дочькой</b> принцессы Леи и Хана Соло, но кастинг еще продолжается.</p>\r\n\r\n<p>Она родилась 1990 года, а на 2013 ей 23 годика. Херд-Вуд уже успешная модель. На экране она успела подругой Жан-Батист Гренуй в фильме «Парфюмер: История одного убийцы», такжу приключенческом семейном фэнтези «Питер Пэн», мистическом триллере «Дориан Грей» и фантастическом боевике «Соломон Кейн».</p>\r\n\r\n\r\n<div class="cor_text"><img src="/img/article/78/Rachel Hurd-Wood.jpg" alt="pic" /></div>\r\n\r\n<p>Портал <strong>LatinoReview</strong> также утверждает, что в седьмых «Звездных войнах» сыграет британский актер <strong>Алекс Петтифер</strong>. По этим данным, ему предстоит предстать сыном самого Люка Скайуокера. Сначала эта роль была, как <a href="http://force-leads.com/article/id/70">думали</a> продюсеры, <strong>Райана Гослинга</strong>, но говорят он заранее отказался от съемок.</p>\r\n\r\n\r\n<div class="cor_text"><img src="/img/article/78/25552.jpg" alt="pic" /></div>\r\n\r\n\r\n<p>Петтифер для зрителя может быть знаком по фильмах «Я – Четвертый», «Время», «Супер Майк» и драма «Дворецкий».</p>\r\n\r\n</article>', 'Siada-Apius', '2013-08-29 10:27:47', '2013-10-14 11:03:47', 0, 0),
(79, '56256.jpg', 'Бенедикт Камбербэтч - от «Звездного» к «Звездным»?', '<p>Как это было и с поисками режиссера, пока нет официально заявления о составе актерев, но слухи ростут с каждым днем.</p>', '<article>\r\n<p>Портал <strong>FilmChronicles</strong> выдал интересную информацию, <strong>Бенедикт Камбербэтч</strong> готов вновь поработать вместе с <strong>Джей Джей Абрамсом</strong>. Чтобы подтвердить слух они приводят тот факт, что оба являются фанатами «Звездных войн». В своей любви к фантастической саге Камбербэтч признался в недавнем интервью ресурсу <strong>TotalFilm</strong>. <cite>«Я обожал «Звездные войны», еще когда был ребенком,</cite> — сказал Бенедикт. — <cite>Как и многие другие дети, я был в восторге от этой истории. Будучи изначально очень простой, она оказалась настоящей оперой в трех актах. Я очень люблю эти фильмы и всегда хотел быть Ханом Соло. Потому что все, что делал Харрисон Форд, на мой взгляд, было круто»</cite>.</p>\r\n\r\n<div class="cor_text"><img src="/img/article/79/73081684.jpg" alt="pic" /></div>\r\n\r\n<p>Одним из «доказательств» слуха об участии Камбербэтча в новом эпизоде можно считать его неожиданный <b>выход</b> из проекта Гильермо дель Торо «Багровый пик», причины мы так и не узнали. Съемки «Эпизода 7» <strong>стартуют в начале января</strong> и съемки над «Багровым пиком» назначены также на этот период. В таком случае Камбербэтч действительно не смог бы участвовать в двух проектах одновременно. Все, что остается делать - ждать.</p>\r\n</article>', 'Siada-Apius', '2013-09-03 10:29:58', '2013-10-13 23:57:57', 0, 0),
(80, 'episode_7_art.jpg', 'Первые слухи о названии нового эпизода.', '<p>Новость, которая не связана со кастингом, сценарием и режиссером.</p>', '<article>\r\n<p>Анонимный источник из студии <strong>Disney</strong> заявил, что один из вариантов названия новой эпизода саги может стать <strong>«Star Wars: Episode VII — A New Dawn» («Звездные войны: Эпизод 7 — Новый рассвет»)</strong>.</p>\r\n\r\n<p>Аноним также сообщил, что в лондонской студии <strong>Pinewood</strong> в настоящий момент ведется масштабная стройка, которая восстанавливает интерьер таких культовых мест как кантина в <strong>Мос-Айсли</strong> и корабль <strong>Millennium Falcon</strong></p>\r\n\r\n<p>Если это так, то космопорт Мос-Айсли будет фигурировать в фильме, а это в свою очередь значить, что сьемочная група переедет в Тунис, где когдато снимали сцены Татуина в оригинальной трилогии.</p>\r\n\r\n<div class="cor_text"><img src="/img/article/80/behind scene tatooine.png" alt="pic" /></div>\r\n\r\n</article>', 'Siada-Apius', '2013-09-09 14:08:33', '2013-10-14 00:14:16', 0, 0),
(81, 'Rasulo.jpg', 'Фин. директор Walt Disney о будущем «Звездных войнах»', '<p>Финансовый директор компании Walt Disney Джей Расуло рассказал, что думает студии относительно «Звездные войны»</p> ', '<article>\r\nправа на которую были приобертены в прошлом году за $4 млрд.\r\n\r\n<p><strong>Джей Расуло</strong> признался, что сага способна приносить студии постоянный доход. <cite>«Это проверенная временем история. Она дает нам невероятную палитру, с помощью которой можно создавать новые картины».</cite></p> \r\n\r\n<p><cite>«Мы перенимаем бизнес-модель от <strong>Lucasfilm</strong>, которая зарабатывает на всем, что связано с франшизой, видеоигры, атрибуты, рекламе. Когда фильм выйдет в 2015 году, мы будем готовы к тому, чтобы взорвать рынок.»</cite></p>\r\n\r\n\r\n<div class="cor_text"><img src="/img/article/81/26282.jpg" alt="" /></div>\r\n\r\n<p>Расуло подтвердил, что зрителя ожидает <b>как минимум новая трилогия</b>. Фильмы должны будут выходить <a href="http://force-leads.com/article/id/49">каждый</a> год, начиная с 2015 года. Помимо трех основных фильмов, смогут ли зрители увидеть <a href="http://force-leads.com/article/id/38">отдельные</a> истории о персонажах саги, пока не получила подтверждения.</p>\r\n\r\n<p>Напомним, Лукас <a href="http://force-leads.com/article/id/1">продал</a> права за $4,05 миллиарда почти год назад.</p>\r\n\r\n</article>', 'Siada-Apius', '2013-09-13 11:49:04', '2013-10-14 00:53:46', 0, 0),
(82, '26507.jpg', 'Мы вновь увидим Тысячелетний Сокол но в каком фильме?', '<p>Работа кипит и все заняты своей роботой, агентства ищут актеров, сценаристы пишут сценари, а студии возводят декорации.</p>', '<article>\r\n<p>Как сообщает портал <strong>DigitalSpy</strong>, компания <p>Pinewood Studios</p> закончила строительство Тысячелетнего Сокола!</p>\r\n\r\n<p>По данным источника, декорации корабля полностью готовы, и даже закончена работа над интерьером, который в точности повторяет свой аналог из оригинальной трилогии Джорджа Лукаса.</p> \r\n\r\n<div class="cor_text"><img src="/img/article/82/Preview_Falcon.jpeg" alt="pic" /></div>\r\n\r\n<p>«Космопорт Мос-Айсли. Трудно отыскать большее сборище проходимцев и негодяев.» - так говорил Оби-Ван об еще одном месте, космопорте Мос-Айсли, компания построила и его, что означает, что мы увидим Татуин вновь.</p>\r\n\r\n<p>Это все может оказаться вовсе не тем, чем кажется на первый взгляд, студия <strong>Disney</strong> уже не раз говорила, что, кроме основной сюжетной линии, собирается снимать и <a href="http://force-leads.com/article/id/37">несколько</a> спин-оффов с другими участниками космической саги. Среди них как раз и называли Хана, Йоду и Бобу Фетта. Возможно эти декорации предназначаются какому-нибудь из этих спин-оффов?</p>\r\n</article>', 'Siada-Apius', '2013-09-18 12:02:56', '2013-10-14 10:56:28', 0, 0),
(83, 'Mark-Hamill.jpg', 'Возвращение джедая!', '<p>Друг актера Роберт Энглунд поделиться информацией, что Марк Хэмилл готовится к роли.</p>', '<article>\r\nСейчас Хэмилл <b>усиленно тренируется</b>, чтобы набрать физическую форму к началу съемок седьмой части саги. <cite>«Они заперли его в тренажерном зале</cite>, — сказал <strong>Энглунд</strong>. — <cite>Он все-таки возвращается к роли Люка Скайуокера. Так что Марк вынужден теперь делать приседания»</cite>. \r\n\r\n<p><strong>Роберт Энглунд</strong>, исполнитель роли Фредди Крюгера, всегда рассказывал, что именно он подсказал Хэмиллу пойти на пробы фильма «Star Wars»</p>\r\n\r\n<div class="cor_text"><img src="/img/article/83/mark hamill training.jpg" alt="pic" /></div>\r\n\r\n<p>По слухам, <strong>Кэрри Фишер</strong>, которая <a href="http://force-leads.com/article/id/41">вновь</a> исполнит роль принцессы Леи, также занимается тренировками. К Харрисону Форду режиссер Джей Джей Абрамс претензий не имеет.</p>\r\n\r\n</article>', 'Siada-Apius', '2013-09-18 12:09:03', '2013-10-14 12:21:19', 0, 0),
(84, 'jj-abrams.jpg', 'Джей Джей Абрамс и «Эпизод 7»', '<p>Журналисты задали режиссеру пару вопросов о возвращени, ведь все его проекты славятся секретностью.</p>', '<article>\r\n<p>С уверенностью <strong>Джей Джея Абрамс</strong> рассказал журналистам <strong>EntertainmentWeekly</strong> то, что единственными актерами, чье участие <a href="http://force-leads.com/article/id/41">подтверждено</a> в проекте являются Харрисон Форд, Кэрри Фишер и Марк Хэмилл.</p>\r\n\r\n<p><cite>Какой из предыдущих фильмов серии лучше всего иллюстрирует то, что вы стремитесь сделать с «Эпизодом 7» с точки зрения духа или тона повествования?</cite></p>\r\n\r\n<p><cite><b>Я не могу ответить на этот вопрос, потому что новая картина станет динамическим развивающимся проектом. Мы прилагаем все усилия для того, чтобы сделать фильм как можно более эмоциональным и захватывающим. Независимо от того, какая ваша любимая лента серии, любое сравнение с новой главой истории будет субъективным.</b></cite></p>\r\n\r\n<p><cite>СМИ и фанаты предлагают вам сотни идей о том, каким должен быть подход к новому фильму. Есть ли какой-либо высказанный ими совет, который бы вы приняли близко к сердцу?</cite></p>\r\n\r\n<p><cite><b>Было приятно увидеть и лишний раз напомнить себе, как важна эта история для многих людей. Мы все знаем, что видение Джорджа Лукаса стало едва ли не религией для некоторых фанатов. Я помню, как читал где-то о том, что люди хотят получить от фильма ощущение реальности. Я их понимаю. Помню свои ощущения от первого фильма, который я посмотрел, когда мне было 11 лет. При том, что это была своего рода сказка, мне она показалась настоящей, способной существовать в реальном мире</b>.</cite></p>\r\n\r\n<div class="cor_text"><img src="/img/article/84/jj-abrams-star-wars.jpg" alt="pic" /></div>\r\n\r\n<p>Абрамс дал понять, что его команда прислушивается к мнению фанатов и ориентируется в работе на оригинальную трилогию.</p>\r\n</article>', 'Siada-Apius', '2013-09-22 13:45:08', '2013-10-14 12:36:39', 0, 0),
(85, '26664.jpg', 'Небольшой итог новых «Звездных войн».', '<p>Порой слухи настолько разные и их так много, что трудно понять где истина.</p>', '<article>\r\n\r\n<p>Портал LatinoReview продолжает снабжать новыми подробностями о будущем проекте. Недавно источник нашел новую локацию для съемок панорам фильма. Это будет <strong>Лас-Крусес</strong>, штат <strong>Нью-Мексико</strong>.</p>\r\n\r\n<div class="cor_text"><img src="/img/article/85/26665.jpg" alt="pic" /></div>\r\n\r\n<p>Судя по панорамt, локация вполне напоминает планеты Татуин или <strong>Коррибан</strong>.</p>\r\n\r\n<div class="cor_text"><img src="/img/article/85/26668.jpg" alt="pic" /></div>\r\n\r\n<p>Новость невозможно закончить без слухов о кастингах. На этот раз портала <strong>LatinoReview</strong> подтвердил информацию об участии <strong>Сирши Ронан</strong>, которая, по слухам, предстанет в образе <b>дочери</b> Хана Соло. Еще один интересный момент заключается в том, что снова засветилось имя <strong>Бенедикта Камбербэтча</strong>. Несмотря на то, что представитель актера недавно <a href="http://force-leads.com/article/id/79">опроверг</a> эти слухи, редактор портала LatinoReview написал следующее:</p>\r\n\r\n<div class="cor_text"><img src="/img/article/85/26669.jpg" alt="pic" /></div>\r\n\r\n<p><cite>«НЕ ВЕРЬТЕ всей этой шумихе вокруг Камбербэтча. Он действительно БУДЕТ играть, чтобы там они не говорили. Это все дымовая завеса, чтобы сбить вас с толку. Вспомните, точно так же он скрывал свою роль в «Стартреке: Возмездие». Тогда мы тоже первыми сообщили, что он появится в образе Хана. Поверьте, мы окажемся правы и на этот раз. В седьмом эпизоде его роль будет незначительной, зато в восьмом и девятом эпизодах персонаж Камбербэтча получит намного больше внимания».</cite></p>\r\n\r\n<p>Конечно, можно усомниться в источниках портала, но это не отменяет того факта, что именно они первыми опубликовали фотографии логова черепашек-ниндзя из будущего фильма Джонатана Либесмана. Они также первыми рассказали про Брэдли Купера — Ракетного Енота и про участие Арнольда Шварценеггера в новом «Аватаре» Джеймса Кэмерона. До сего дня их предсказания полностью оправдывались, а вот британский гений Бенедикт Камбербэтч, как и режиссер Джей Джей Абрамс, уже обманывали своих фанатов, снабжая их ложной информацией. Кому же верить на этот раз?</p>\r\n</article>', 'Siada-Apius', '2013-09-22 13:50:16', '2013-10-14 15:51:00', 0, 0),
(86, '26737.jpg', 'Нужен Вуки!', '<p>Но какие «Звездные Войны» без вуки...</p>', '<article>\r\n<p><cite>«Ищется высокий человек, мужчина в возрасте 21 — 60 лет, ростом от 210 до 225см. Не слишком широкоплечий, с худощавый телосложением. Широкие черты лица станут приятным бонусом»</cite>, — требуемы описания. Естественно, такая информация только на одну мысль, что создатели картины ищут актера, способного воплотить на экране представителя расы <strong>Вуки</strong>. Речь может идти о выборе нового актера на роль Чубакки. Принимая во внимание уже подтвержденную информацию о возвращении в «Эпизод 7» Хана Соло, наиболее логичной выглядит именно эта версия.</p>\r\n\r\n<div class="cor_text"><img src="/img/article/86/26739.jpg" alt="pic" /></div>\r\n\r\n<p>Рост <strong><a href="http://force-leads.com/article/id/28">Питера Мэйхью</a></strong> составляет 222 см. Многие были бы рады возвращению актера, но Питеру, скорее всего, помешает недавняя тяжелая операция на коленных суставах. Мэйхью сообщил в своем твиттере, что он проходит реабилитацию и не может пока ходить самостоятельно. Съемки должны стартовать в начале следующего года, и участие актера в проекте маловероятно.</p>\r\n\r\n<div class="cor_text"><img src="/img/article/86/26738.jpg" alt="pic" /></div></article>\r\n', 'Siada-Apius', '2013-09-24 17:46:57', '2013-10-14 16:04:21', 0, 0),
(87, 'IMAX-screen.jpg', '«Звездные войны» в формате IMAX!', '<p>Руководство компании IMAX ведет переговоры с режиссером Джей Джеем Абрамсом о том, чтобы он снял свою картину в этом формате.</p>', '<article>\r\n<p>Об этом стало известно на ежегодной конференции <strong>Communacopia</strong>, где CEO компании IMAX, <strong>Ричард Гелфонд</strong>, говорил о расширении использования этой технологии в современном кинематографе.</p>\r\n\r\n<p>Напомним, Абрамс уже знаком с этой технологией, она применялась в его фильме «Звездный Путь: Возмездие», а вот «Звездные войны» опробуют ее на себе впервые. Понятно, что по многим причинам, многие поклонники воспримут это сообщение без особой радости, однако стоит учитывать, что одной из особенностей полюбившейся нам франшизы всегда было некое новаторство в той или иной области. В любом случае, никто не заставляет нас смотреть «Звездные войны» на гигантском экране, всегда есть альтернативные варианты.</p>\r\n</article>', 'Siada-Apius', '2013-09-27 14:38:03', '2013-10-14 16:32:41', 0, 0),
(88, 'images.jpeg', 'Сирша Ронан подтвердила слухи о «Звездные войны».', '<p>Пару недель назад в Сети появилась информация о том, что звезда прослушивается на одну из ролей в седьмом эпизоде.</p>', '<article>\r\n<p>Как сообщает ресурс <strong>Sky News</strong>, <strong>Сирша Ронан</strong> подтвердила эти слухи, во время проб актрисе предлагалось продемонстрировать навыки владения световым мечом. <cite>«Да, я проходила пробы в «Звездные войны: Эпизод 7»</cite>, — сказала Ронан. — <cite>Не знаю, могу ли я об этом говорить… Но, если быть откровенной, то все проходили эти пробы. Очень многие мои знакомые и коллеги прослушивались на ту же самую роль. То же самое и с мужскими ролями. Похоже, что Джей Джей Абрамс сканирует весь земной шар, чтобы найти подходящих людей».</cite></p>\r\n\r\n<div class="cor_text"><img src="/img/article/88/2134134.jpg" alt="pic" /></div>\r\n\r\n<p><cite>«Никто, конечно, не знал, что делать, потому что у нас не было сценария</cite>, — сказала Сирша. — <cite>Я пришла на пробы и сделала, все что могла. Должна признаться, что это, наверное, единственный раз в моей карьере, когда я думала: "Даже если я не получу эту роль, то я уже получила заряд положительных эмоций. Представлять, что ты достаешь световой меч… Это потрясающее ощущение. Световой меч! Звездные войны!"»</cite>.</p>\r\n\r\n<div class="cor_text"><img src="/img/article/88/SaoirseRonan2.jpg" alt="pic" /></div>\r\n\r\n<p>По идеи, новые «Звездные войны» расскажут о молодом поколении героев. Появление любимых персонажей в исполнении ветеранов франшизы — Марка Хэмилла, который <a href="http://force-leads.com/article/id/83">сейчас</a> активно восстанавливает форму, Кэрри Фишер, для нее, была создана отдельная программа тренировок.</p>\r\n\r\n<p>Кастинг на ключевые роли продолжается, а старт съемок <a href="http://force-leads.com/article/id/77">назначен</a> на начало 2014 года. Фанатам франшизы стоит ждать официальных новостей о результатах проб уже в ближайшее время.</p>\r\n</article>', 'Siada-Apius', '2013-10-02 10:54:16', '2013-10-14 16:50:23', 0, 0),
(90, 'Jett Lucas.jpg', 'Интервью с Джеттом Лукасом.', '<p>Сын Джоржда Лукаса, Джет Лукас , поделился информацией пару дней назад в интервью.</p>', '<p><strong>Сын Джорджа Лукаса</strong>, <strong>Джетт Лукас</strong> , поделился информацией пару дней назад в интервью.</p>\r\n\r\n<p>Ниже мы имеем возможность посмотреть интервью.</p>\r\n\r\n<iframe width="420" height="315" src="//www.youtube.com/embed/lnr18AUym-o" frameborder="0" allowfullscreen></iframe>', 'Siada-Apius', '2013-10-07 17:03:12', '2013-10-14 17:27:53', 0, 0),
(91, 'Star-Wars-Rebels.jpg', 'Star Wars Rebels', 'Что, откуда, как и почему.', '<article>\r\n<p>Впервые были анонсированы 11 марта 2013 года, как сериал, который придет на смену сериалу «Звёздные войны: Войны клонов»</p>\r\n\r\n<p>События будут происходить в период между III и IV эпизодами.</p>\r\n\r\n<p>Премьерный показ был назначен на <b>осень 2014</b></p>\r\n\r\n<iframe width="420" height="315" src="//www.youtube.com/embed/O1_F7zg4B30" frameborder="0" allowfullscreen></iframe>\r\n\r\n</article>', 'Siada-Apius', '2013-10-14 18:04:26', '2013-10-14 18:10:34', 0, 0),
(94, 'lucas.jpg', 'Лукас давно работал над новыми «Звездными войнами» еще до Disney.', '<p>Почти год назад концерн Disney приобрел Lucasfilm и объявил о работе над тремя новыми картинами о «далекой далекой галактике».</p>', '<article>\r\n<p>Покупка компании стала катализатором для проекта, но из недавнего <a href="http://force-leads.com/article/id/90">интервью с сыном</a> Джорджа Лукаса, <strong>Джеттом</strong>, стало известно, что отец уже работал над новыми эпизодами. <cite>«Мы знали, что примерно за год до этого покупки компании, он начал писать и делать исследования, запустил весь этот процесс,</cite> — говорит <strong>Джетт Лукас</strong> журналисту портала <strong>Flicks and the City</strong>. — <cite>Примерно через год пришла идея продать бизнес компании Disney...»</cite>.</p>\r\n\r\n<p>Джетт рассказывает, что у его отца было двойственное отношение к тому, чтобы передать свое детище кому-то другому: <cite>«Да, как и любой родитель, он будет наблюдать, как его ребенок учится в колледже. Он постоянно разговаривает с Джей Джеем. Конечно, Джей Джей уже утвержден на эту позицию. Но он обязательно будет его направлять. Он будет помогать всем, чем сможет. В то же время, он хочет отпустить все и дать возможность создать новое поколение».</cite></p>\r\n\r\n<p>Прежде, чем фанаты поднимут панику, пытаясь понять, что значит «постоянно разговаривает», приведем ранее сказанные <a href="http://force-leads.com/article/id/1">слова</a> Джорджа Лукаса о своей роли в производстве картины: <cite>«Если создатели фильма спросят, например, кто этот парень, я обязательно отвечу. То есть, у них, конечно, есть сотни энциклопедий и тому подобных вещей, но я на самом деле знаю многое. Я могу сказать: "Вот это означает это и это". В целом, мне там особо нечего делать»</cite>. Иными слова - творческий консультант.</p>\r\n\r\n<div class="cor_text"><img src="/img/article/94/lucas and stormtrooper.jpg" alt="pic" /></div>\r\n\r\n<p>С другой стороны, было бы глупо думать, что Джей Джей Абрамс не воспользуется знаниями Джорджа по всем вопросам, касающимся конкретных аспектов созданной им вселенной. Это совместный процесс, и голос Лукаса не может не быть услышанным.</p>\r\n</article>', 'Siada-Apius', '2013-10-09 10:39:05', '2013-10-14 17:34:01', 0, 0),
(95, 'MICHAEL B. JORDAN.jpg', 'Майкл Б. Джордан о кастинге в «Звездные войны»', '<p>Актер также подтвердил слухи о том, что проходил пробы на участие в седьмых «Звездных войнах».</p>', '<article>\r\n<p>Актер Майкл Б. Джордан также подтвердил слухи о том, что проходил пробы на участие в седьмых «Звездных войнах».</p>\r\n\r\n<p>В интервью <strong>Huffington Post</strong>, он рассказал, что его позвали на кастинг, ведь после отличной игры в «Станции "Фрутвэйл"» Джордана сватают чуть ли не в каждый будущий крупный проект, от «Нового Человека-паука 2» до перезагрузки «Фантастической четверки» и сиквела «Дня независимости». Что касается «Эпизода 7», он ответил просто: <cite>«Я думаю, что все бы хотели попробовать получить роль в этом проекте. Тем более, что пока создатели фильма и сами не до конца представляют, что именно им нужно. Это невероятная франшиза и я уверен, что нас ожидает сумасшедшее продолжение. Посмотрим, как в итоге сложатся обстоятельства. Пока не знаю, как я смогу везде успеть»</cite></p>\r\n\r\n<p>Очевидно, что под фразой «везде успеть» актер имел ввиду свой рабочий график. Также из его слов предельно ясно, что окончательное решение по кастингу еще не принято. С другой стороны, очень странно, что пока лишь двое молодых актеров лично подтвердили свое участие в кастинге, хотя кандидатов на роль явно было больше. Либо Ронан и Джоржан <b>«пролетели»</b> с ролью и им больше нечего скрывать, либо же, наоборот, своими заявлениями они подготавливают публику к будущему большому анонсу. В любом случае, пока студия Disney держит все в строжайшем секрете. Учитывая то, что у руля проекта стоит знатный интриган Абрамс, все эти слухи могут означать все, что угодно.</p>\r\n\r\n<p>Пока сотни актеров из кожи вон лезут, чтобы попасть в столь желанный проект, <strong>Харрисон Форд</strong>, <b>уже не так рвется в бой</b>.</p> \r\n\r\n<p>Как мы помним, об участниках седьмого фильма студия Disney <a href="http://force-leads.com/article/id/41">подтвердила</a> участие легендарной троицы — <strong>Харрисона Форда</strong>, <strong>Кэрри Фишер</strong> и <strong>Марка Хэмилла</strong>. Теперь же Форд с каждым новым интервью интригует журналистов своим неопределенным отношением к съемкам в роли Соло. Трудно понять, является ли это игрой на публику и рекламным ходом или же актер просто набивает себе цену. Ясно лишь то, что сейчас Форд мыслями занят <b>вовсе не новыми</b> «Звездными войнами», а воскрешением приключений искателя древностей <strong>Индианы Джонса</strong>.</p>\r\n\r\n<p>По слухам, Форд уже основательно <b>надоел</b> <strong>Стивену Спилбергу</strong> и <strong>Джорджу Лукасу</strong> своим выпрашиванием нового «Индианы». Сам же Форд был готов сыграть роль отца Инди, объясняя это тем, что он уже <em>«достаточно стар для этого, и теперь они могут обойтись без Шона Коннери»</em>.</p>\r\n</article>', 'Siada-Apius', '2013-10-11 23:45:27', '2013-10-14 17:49:08', 0, 0);
INSERT INTO `articles` (`id`, `miniImg`, `title`, `shortDesc`, `full`, `author`, `addDate`, `updateDate`, `ratingGood`, `ratingBad`) VALUES
(96, 'clone_wars.jpg', 'Новости из мира мультфильмов. «Звездные Войны: Войны Клонов» вернутся с последним сезоном', '<p>На момент покупки компании LucasFilm, популярный мультсериал «Звездные Войны: Войны Клонов» (Star Wars: The Clone Wars) закончился на пятом сезоне.</p>', '<article>\r\n<p>Как сообщает <strong>Дэйв Филони</strong>, режиссер-координатор проекта, поклонники сериала все-таки смогут увидеть <b>22-серийный</b> шестой сезон, который станет для «Войн клонов» <b>последним</b>. Премьера назначена на <b>начало 2014 года</b>.</p>\r\n\r\n<p><cite>«У меня есть отличная новость для всех поклонников «Звездных войн»</cite>, — заявил Филони. — <cite>Мы закончили работу над новыми сериями «Войн клонов»… Деталей я разглашать не могу, но вы увидите их уже в начале 2014 года. Среди финальных эпизодов нашего сериала будет и история о самой сложной миссии Йоды. Готовьтесь к премьере! Вас ждет еще и новинка — <strong><a href="http://force-leads.com/article/id/91">Star Wars Rebels</a></strong> («Звездные войны: Повстанцы»).</cite></p>\r\n\r\n<div class="cor_text"><img src="/img/article/96/2008_star_wars_the_clone_wars.jpg" alt="pic" /></div>\r\n\r\n<p>Остается <b>поблагодарить</b> студию <strong>Disney</strong> за решение дать возможность создателям сериала достойно проститься со зрителями.</p>\r\n\r\n<p>Можно сказать, что на смену придет другий сериал, <strong>Star Wars Rebels</strong> дебютируют на канале Disney Channel со специальной часовой серией, а затем сериал переберется на Disney XD, на котором будут выходить получасовые эпизоды. В разработке находится и проект <strong>LEGO Yoda</strong>.</p>\r\n</article>', 'Siada-Apius', '2013-10-14 00:25:33', '2013-10-14 18:12:09', 0, 0);

-- --------------------------------------------------------

--
-- Структура таблиці `comments`
--

CREATE TABLE IF NOT EXISTS `comments` (
  `id` bigint(20) unsigned NOT NULL AUTO_INCREMENT,
  `article_id` bigint(20) unsigned NOT NULL,
  `user_name` varchar(50) DEFAULT NULL,
  `owner` varchar(50) DEFAULT NULL,
  `com_date` datetime NOT NULL,
  `com_text` text NOT NULL,
  PRIMARY KEY (`id`),
  UNIQUE KEY `id` (`id`),
  KEY `article_id` (`article_id`)
) ENGINE=InnoDB  DEFAULT CHARSET=utf8 AUTO_INCREMENT=34 ;

--
-- Дамп даних таблиці `comments`
--

INSERT INTO `comments` (`id`, `article_id`, `user_name`, `owner`, `com_date`, `com_text`) VALUES
(1, 21, 'Siada-Apius', NULL, '2012-12-04 15:45:37', 'BRAVO!'),
(2, 15, 'Siada-Apius', NULL, '2012-12-04 16:01:17', 'Hallelujah'),
(30, 21, 'ggg', NULL, '2012-12-05 16:07:15', 'gg'),
(31, 21, 'SIADA', NULL, '2012-12-05 16:07:38', 'SIADA'),
(32, 21, 'apius', NULL, '2012-12-05 16:08:10', 'apius'),
(33, 21, 'YYYY', NULL, '2012-12-05 16:09:09', 'YYYY');

-- --------------------------------------------------------

--
-- Структура таблиці `games`
--

CREATE TABLE IF NOT EXISTS `games` (
  `id` bigint(20) unsigned NOT NULL AUTO_INCREMENT,
  `poster` varchar(255) DEFAULT NULL,
  `title` varchar(255) DEFAULT NULL,
  `desc` text,
  `system` text,
  `funny` text,
  PRIMARY KEY (`id`),
  UNIQUE KEY `id` (`id`)
) ENGINE=InnoDB  DEFAULT CHARSET=utf8 AUTO_INCREMENT=13 ;

--
-- Дамп даних таблиці `games`
--

INSERT INTO `games` (`id`, `poster`, `title`, `desc`, `system`, `funny`) VALUES
(1, 'Star_Wars_Jedi_Knight_II_Jedi_Outcast.jpg', 'Jedi Knight II: Jedi Outcast', '', '', ''),
(2, 'Star_Wars_Jedi_Knight_Jedi_Academy.jpg', 'Jedi Knight: Jedi Academy', '', '', ''),
(3, 'Star_Wars_The_Force_Unleashed.jpg', 'The Force Unleashed', NULL, NULL, NULL),
(4, 'Star_Wars_The_Force_Unleashed_II.jpg', 'The Force Unleashed II', NULL, NULL, NULL),
(5, 'Star_Wars_Knights_of_the_Old_Republic.jpg', 'Knights of the Old Republic', NULL, NULL, NULL),
(6, 'Star_Wars_Knights_of_the_Old_Republic_II_-_The_Sith_Lords.jpg', 'Knights of the Old Republic II – The Sith Lords', NULL, NULL, NULL),
(7, 'Star_Wars_Republic_Commando.jpg', 'Republic Commando', NULL, NULL, NULL),
(8, 'Star_Wars_Battlefront.jpg', 'Battlefront', NULL, NULL, NULL),
(9, 'Star_Wars_Battlefront_II.jpg', 'Battlefront II', NULL, NULL, NULL),
(10, 'Star_Wars_Empire_at_War.jpg', 'Empire at War', NULL, NULL, NULL),
(11, 'Star_Wars_The_Old_Republic.jpg', 'The Old Republic', NULL, NULL, NULL);

-- --------------------------------------------------------

--
-- Структура таблиці `games_img`
--

CREATE TABLE IF NOT EXISTS `games_img` (
  `id` bigint(20) unsigned NOT NULL AUTO_INCREMENT,
  `game_id` bigint(20) unsigned NOT NULL,
  `text_img` text,
  `type` varchar(40) DEFAULT NULL,
  PRIMARY KEY (`id`),
  UNIQUE KEY `id` (`id`),
  KEY `game_id` (`game_id`)
) ENGINE=InnoDB  DEFAULT CHARSET=utf8 AUTO_INCREMENT=11 ;

--
-- Дамп даних таблиці `games_img`
--

INSERT INTO `games_img` (`id`, `game_id`, `text_img`, `type`) VALUES
(6, 1, '', 'text'),
(7, 1, '', 'text'),
(8, 2, '', 'text'),
(9, 2, '', 'text');

-- --------------------------------------------------------

--
-- Структура таблиці `movie_img`
--

CREATE TABLE IF NOT EXISTS `movie_img` (
  `id` bigint(20) unsigned NOT NULL AUTO_INCREMENT,
  `movie_id` bigint(20) unsigned NOT NULL,
  `addImg` varchar(255) DEFAULT NULL,
  `type` varchar(40) DEFAULT NULL,
  PRIMARY KEY (`id`),
  UNIQUE KEY `id` (`id`),
  KEY `movie_id` (`movie_id`)
) ENGINE=InnoDB  DEFAULT CHARSET=utf8 AUTO_INCREMENT=130 ;

--
-- Дамп даних таблиці `movie_img`
--

INSERT INTO `movie_img` (`id`, `movie_id`, `addImg`, `type`) VALUES
(2, 4, 'Star_Wars_Episode_1_The_Phantom_Menace_poster_1.jpg', 'slider'),
(3, 4, 'Star_Wars_Episode_1_The_Phantom_Menace_poster_3.jpg', 'slider'),
(4, 4, 'Star_Wars_Episode_1_The_Phantom_Menace_poster_4.jpg', 'slider'),
(5, 4, 'Star_Wars_Episode_1_The_Phantom_Menace_poster_5.jpg', 'slider'),
(6, 4, 'Star_Wars_Episode_1_The_Phantom_Menace_poster_6.jpg', 'slider'),
(7, 4, 'Star_Wars_Episode_1_The_Phantom_Menace_poster_7.jpg', 'slider'),
(8, 4, 'Star_Wars_Episode_1_The_Phantom_Menace_poster_8.jpg', 'slider'),
(25, 5, 'Star_Wars_Episode_2_Atacke_of_the_Clone_poster_1.jpg', 'slider'),
(28, 5, 'Star_Wars_Episode_2_Atacke_of_the_Clone_poster_2.jpg', 'slider'),
(30, 5, 'Star_Wars_Episode_2_Atacke_of_the_Clone_poster_4.jpg', 'slider'),
(31, 5, 'Star_Wars_Episode_2_Atacke_of_the_Clone_poster_5.jpg', 'slider'),
(32, 5, 'Star_Wars_Episode_2_Atacke_of_the_Clone_poster_6.jpg', 'slider'),
(33, 5, 'Star_Wars_Episode_2_Atacke_of_the_Clone_poster_7.jpg', 'slider'),
(34, 5, 'Star_Wars_Episode_2_Atacke_of_the_Clone_poster_8.jpg', 'slider'),
(35, 5, 'Star_Wars_Episode_2_Atacke_of_the_Clone_poster_9.jpg', 'slider'),
(36, 5, 'Star_Wars_Episode_2_Atacke_of_the_Clone_poster_10.jpg', 'slider'),
(37, 5, 'Star_Wars_Episode_2_Atacke_of_the_Clone_poster_11.jpg', 'slider'),
(38, 6, 'Star_Wars_Episode_3_Revenge_of_the_Sith_poster_1.jpg', 'slider'),
(39, 6, 'Star_Wars_Episode_3_Revenge_of_the_Sith_poster_2.jpg', 'slider'),
(40, 6, 'Star_Wars_Episode_3_Revenge_of_the_Sith_poster_3.jpg', 'slider'),
(41, 6, 'Star_Wars_Episode_3_Revenge_of_the_Sith_poster_4.jpg', 'slider'),
(42, 6, 'Star_Wars_Episode_3_Revenge_of_the_Sith_poster_5.jpg', 'slider'),
(43, 6, 'Star_Wars_Episode_3_Revenge_of_the_Sith_poster_6.jpg', 'slider'),
(44, 6, 'Star_Wars_Episode_3_Revenge_of_the_Sith_poster_7.jpg', 'slider'),
(45, 1, 'Star_Wars_Episode_4_A_New_Hope_poster_1.jpg', 'slider'),
(46, 1, 'Star_Wars_Episode_4_A_New_Hope_poster_2.jpg', 'slider'),
(50, 3, 'Star_Wars_Episode_6_Return_of_the_Jedi_poster_1.jpg', 'slider'),
(51, 3, 'Star_Wars_Episode_6_Return_of_the_Jedi_poster_2.jpg', 'slider'),
(52, 3, 'Star_Wars_Episode_6_Return_of_the_Jedi_poster_3.jpg', 'slider'),
(53, 3, 'Star_Wars_Episode_6_Return_of_the_Jedi_poster_4.jpg', 'slider'),
(54, 2, 'Star_Wars_Episode_5_The_Empire_Strikes_Back_poster_1.jpg', 'slider'),
(55, 2, 'Star_Wars_Episode_5_The_Empire_Strikes_Back_poster_2.jpg', 'slider'),
(56, 2, 'Star_Wars_Episode_5_The_Empire_Strikes_Back_poster_3.jpg', 'slider'),
(57, 2, 'Star_Wars_Episode_5_The_Empire_Strikes_Back_poster_4.jpg', 'slider'),
(58, 2, 'Star_Wars_Episode_5_The_Empire_Strikes_Back_poster_5.jpg', 'slider'),
(59, 2, 'Star_Wars_Episode_5_The_Empire_Strikes_Back_poster_6.jpg', 'slider'),
(60, 2, 'Star_Wars_Episode_5_The_Empire_Strikes_Back_poster_7.jpg', 'slider'),
(61, 2, 'Star_Wars_Episode_5_The_Empire_Strikes_Back_poster_8.jpg', 'slider'),
(106, 1, 'Star_Wars_Episode_4_A_New_Hope_poster_3.jpg', 'slider'),
(107, 1, 'Star_Wars_Episode_4_A_New_Hope_poster_4.jpg', 'slider'),
(111, 1, 'Star_Wars_Episode_4_A_New_Hope_OST_cover.jpg', 'ost'),
(112, 1, 'Star_Wars_Episode_4_A_New_Hope_OST_cover_1.jpg', 'ost'),
(113, 2, 'Star_Wars_Episode_5_The_Empire_Strikes_Back_OST_cover.jpg', 'ost'),
(114, 2, 'Star_Wars_Episode_5_The_Empire_Strikes_Back_OST_cover_1.jpg', 'ost'),
(115, 3, 'Star_Wars_Episode_6_Return_of_the_Jedi_OST_cover.jpg', 'ost'),
(116, 3, 'Star_Wars_Episode_6_Return_of_the_Jedi_OST_cover_1.jpg', 'ost'),
(117, 2, 'Star_Wars_Episode_5_The_Empire_Strikes_Back_OST_cover_2_cd_1.jpg', 'ost'),
(118, 5, 'Star_Wars_Episode_2_Atacke_of_the_Clone_OST_cover.jpg', 'ost'),
(119, 5, 'Star_Wars_Episode_2_Atacke_of_the_Clone_OST_cover_1.jpg', 'ost'),
(120, 2, 'Star_Wars_Episode_5_The_Empire_Strikes_Back_OST_cover_2_cd_1.jpg', 'ost'),
(121, 2, 'Star_Wars_Episode_5_The_Empire_Strikes_Back_OST_cover_2_cd_2.jpg', 'ost'),
(122, 2, 'Star_Wars_Episode_5_The_Empire_Strikes_Back_OST_cover_2_cd_3.jpg', 'ost'),
(123, 2, 'Star_Wars_Episode_5_The_Empire_Strikes_Back_OST_cover_2_cd_3_complete_score_front.jpg', 'ost'),
(124, 6, 'Star_Wars_Episode_3_Revenge_of_the_Sith_OST_cover.jpg', 'ost'),
(125, 6, 'Star_Wars_Episode_3_Revenge_of_the_Sith_OST_cover_1.jpg', 'ost'),
(126, 4, 'Star_Wars_Episode_1_The_Phantom_Menace_OST_cover.jpg', 'ost'),
(127, 4, 'Star_Wars_Episode_1_The_Phantom_Menace_OST_cover_the_extended_edition.jpg', 'ost'),
(128, 4, 'Star_Wars_Episode_1_The_Phantom_Menace_OST_cover_the_ultimate_edition.jpg', 'ost'),
(129, 4, 'Star_Wars_Episode_1_The_Phantom_Menace_Obi-Wan_Kenobi.jpg', 'text');

-- --------------------------------------------------------

--
-- Структура таблиці `movies`
--

CREATE TABLE IF NOT EXISTS `movies` (
  `id` bigint(20) unsigned NOT NULL AUTO_INCREMENT,
  `miniImg` varchar(255) NOT NULL,
  `short` text NOT NULL,
  `title` varchar(255) NOT NULL,
  `full` text NOT NULL,
  `actors` text NOT NULL,
  `funny` text NOT NULL,
  `ostList` text NOT NULL,
  PRIMARY KEY (`id`),
  UNIQUE KEY `id` (`id`)
) ENGINE=InnoDB  DEFAULT CHARSET=utf8 AUTO_INCREMENT=7 ;

--
-- Дамп даних таблиці `movies`
--

INSERT INTO `movies` (`id`, `miniImg`, `short`, `title`, `full`, `actors`, `funny`, `ostList`) VALUES
(1, 'Star_Wars_Episode_4_A_New_Hope.jpg', 'Фильм 1977 года', 'Star Wars: Episode IV - A New Hope', 'asas', '', '', '<pre>\r\nТреклист:\r\nCD 1\r\n1. London Symphony Orchestra - 20th Century Fox Fanfare\r\n2. London Symphony Orchestra - Main Title/Rebel Blockade Runner\r\n3. London Symphony Orchestra - Imperial Attack\r\n4. London Symphony Orchestra - The Dune Sea Of Tatooine/Jawa Sandcrawler\r\n5. London Symphony Orchestra - The Moisture Farm\r\n6. London Symphony Orchestra - The Hologram/Binary Sunset\r\n7. London Symphony Orchestra - Landspeeder Search/Attack Of The Sand People\r\n8. London Symphony Orchestra - Tales Of A Jedi Knight/Learn About The Force\r\n9. London Symphony Orchestra - Burning Homestead\r\n10. London Symphony Orchestra - Mos Eisley Spaceport\r\n11. London Symphony Orchestra - Cantina Band\r\n12. London Symphony Orchestra - Cantina Band #2\r\n13. London Symphony Orchestra - Binary Sunset (Alternate)\r\nCD 2\r\n1. London Symphony Orchestra - Princess Leia''s Theme\r\n2. London Symphony Orchestra - The Millenium Falcon/Imperial Cruiser Pursuit\r\n3. London Symphony Orchestra - Destruction Of Alderaan\r\n4. London Symphony Orchestra - The Death Star/The Stormtroopers\r\n5. London Symphony Orchestra - Wookiee Prisoner/Detention Block Ambush\r\n6. London Symphony Orchestra - Shootout In The Cell Bay/Dianoga\r\n7. London Symphony Orchestra - The Trash Compactor\r\n8. London Symphony Orchestra - The Tractor Beam/Chasm Crossfire\r\n9. London Symphony Orchestra - Ben Kenobi''s Death/Tie Fighter Attack\r\n10. London Symphony Orchestra - The Battle Of Yavin (Launch From The Fourth Moon/X-Wings Draw Fire/Use The Force)\r\n11. London Symphony Orchestra - The Throne Room/End Title\r\n</pre>'),
(2, 'Star_Wars_Episode_5_The_Empire_Strikes_Back.jpg', 'Фильм 1980 года', 'Star Wars: Episode V - The Empire Strikes Back', 'asas', '', '', '<pre>\r\nТреклист:\r\nCD 1 (OST)\r\n1. London Symphony Orchestra - 20th Century Fox Fanfare\r\n2. London Symphony Orchestra - Main Title/The Ice Planet Hoth\r\n3. London Symphony Orchestra - The Wampa''s Lair/Vision Of Obi-Wan/Snowspeeders Take Flight\r\n4. London Symphony Orchestra - The Imperial Probe/Aboard The Executor\r\n5. London Symphony Orchestra - The Battle Of Hoth (Ion Cannon/Imperial Walkers/Beneath the\r\n6. London Symphony Orchestra - The Asteroid Field\r\n7. London Symphony Orchestra - Arrival On Dagobah\r\n8. London Symphony Orchestra - Luke''s Nocturnal Visitor\r\n9. London Symphony Orchestra - Han Solo And The Princess\r\n10. London Symphony Orchestra - Jedi Master Revealed/Mynock Cave\r\n11. London Symphony Orchestra - The Training Of A Jedi Knight/The Magic Tree\r\nCD 2 (OST)\r\n1. London Symphony Orchestra - The Imperial March (Darth Vader''s Theme)\r\n2. London Symphony Orchestra - Yoda''s Theme\r\n3. London Symphony Orchestra - Attacking A Star Destroyer\r\n4. London Symphony Orchestra - Yoda and the Force\r\n5. London Symphony Orchestra - Imperial Starfleet Deployed/City in the Clouds\r\n6. London Symphony Orchestra - Lando''s Palace\r\n7. London Symphony Orchestra - Betrayal at Bespin\r\n8. London Symphony Orchestra - Deal with the Dark Lord\r\n9. London Symphony Orchestra - Carbon Freeze/Darth Vader''s Trap/Departure of Boba Fett\r\n10. London Symphony Orchestra - The Clash of Lightsabers\r\n11. London Symphony Orchestra - Rescue From Cloud City/Hyperspace\r\n12. London Symphony Orchestra - The Rebel Fleet/End Title\r\nCD 3 (Complete Score)\r\n01. John Williams - 20th Century Fox Fanfare\r\n02. John Williams - Star Wars Main Title. The Imperial Probe\r\n03. John Williams - Saying Goodbye\r\n04. John Williams - Escaping the Wampa''s Lair\r\n05. John Williams - Vision Of Obi-Wan / Luke''s Rescue\r\n06. John Williams - Snowspeeder Rescue\r\n07. John Williams - The Bacta Tank\r\n08. John Williams - The Executor\r\n09. John Williams - Battle Preparations\r\n10. John Williams - Battle Of Hoth\r\n11. John Williams - Luke''s Crash / The Destruction Of The Shield Generator\r\n12. John Williams - The Rebels Escape\r\n13. John Williams - Pursuit Of The Falcon\r\n14. John Williams - Crash Landing On Dagobah / Aboard The Executor\r\n15. John Williams - A Familiar Place\r\n16. John Williams - Luke''s Nocturnal Visitor\r\n17. John Williams - Han Solo And The Princess\r\n18. John Williams - The Asteroid Field\r\n19. John Williams - The Emperor\r\n20. John Williams - Jedi Master Yoda\r\n21. John Williams - Mynock Cave\r\n22. John Williams - Training Of A Jedi Knight\r\n23. John Williams - The Dark Tree\r\n24. John Williams - Bounty Hunters / Pursuing The Falcon\r\nCD 4 (Complete Score)\r\n01. John Williams - Attacking A Star Destroyer\r\n02. John Williams - Yoda''s Teachings\r\n03. John Williams - Yoda And The Force\r\n04. John Williams - Deploy The Fleet\r\n05. John Williams - Floating Away\r\n06. John Williams - Luke''s Vision / City In The Clouds\r\n07. John Williams - Lando''s Palace\r\n08. John Williams - Beware The Dark Side\r\n09. John Williams - Leaving Dagobah\r\n10. John Williams - The Trap\r\n11. John Williams - Betrayal At Bespin\r\n12. John Williams - Mending A Droid / Han''s Torture\r\n13. John Williams - Deal With The Dark Lord / Confronting Lando\r\n14. John Williams - Arriving At Cloud City / Carbon Freezing Chamber\r\n15. John Williams - Frozen In Carbonite\r\n16. John Williams - Luke Pursues The Captives\r\n17. John Williams - Departure Of Boba Fett\r\n18. John Williams - The Duel\r\n19. John Williams - Escaping Cloud City\r\n20. John Williams - Losing A Hand\r\n21. John Williams - Rescuing Luke\r\n22. John Williams - Hyperspace\r\n23. John Williams - The Rebel Fleet\r\n24. John Williams - End Credits\r\nCD 5 (Complete Score)\r\n01. John Williams - Album Introduction\r\n02. John Williams - The Empire Strikes Back (Music Video)\r\n03. John Williams - An Empire Is Forged [Introduction]\r\n04. John Williams - [Bonus Track] An Empire Is Forged\r\n05. John Williams - A Jedi Is Trained [Introduction]\r\n06. John Williams - [Bonus Track] A Jedi Is Trained\r\n07. John Williams - A Narrow Escape [Introduction]\r\n08. John Williams - [Bonus Track] A Narrow Escape\r\n09. John Williams - The Imperial March (Darth Vader''s Theme)\r\n10. John Williams - Yoda''s Theme\r\n11. John Williams - The Ice Planet (Album)\r\n12. John Williams - Escaping The Wampa''s Lair (Album)\r\n13. John Williams - Vision Of Obi-Wan _ Luke''s Rescue (Album)\r\n14. John Williams - Snowspeeder Rescue (Album)\r\n15. John Williams - Imperial Walkers (Album)\r\n16. John Williams - The Executor (Album)\r\n17. John Williams - Luke''s Nocturnal Visitor (Album)\r\n18. John Williams - Search For The Millenium Falcon (Album)\r\n19. John Williams - Training Of A Jedi Knight (Album)\r\n20. John Williams - Deploy The Fleet (Album)\r\n21. John Williams - Trouble In The Clouds (Album)\r\n22. John Williams - The Duel (Album)\r\n23. John Williams - Luke vs. Vader (Album)\r\n24. John Williams - The Empire Strikes Back Orchestral Suite\r\n25. John Williams - Album Finish\r\n</pre>'),
(3, 'Star_Wars_Episode_6_Return_of_the_Jedi.jpg', 'Фильм 1983 года', 'Star Wars: Episode VI - Return of the Jedi', 'asas', '', '', '<pre>\r\nТреклист:\r\nCD 1\r\n1. London Symphony Orchestra - 20th Century Fox Fanfare\r\n2. London Symphony Orchestra - Main Title/Approaching The Death Star/Tatooine Rendezvous\r\n3. London Symphony Orchestra - The Droids Are Captured\r\n4. London Symphony Orchestra - Bounty For A Wookiee\r\n5. London Symphony Orchestra - Han Solo Returns\r\n6. London Symphony Orchestra - Luke Confronts Jabba/Den Of The Rancor/Sarlacc Sentence\r\n7. London Symphony Orchestra - The Pit Of Cartoon/Sail Barge Assault\r\n8. London Symphony Orchestra - The Emperor Arrives/The Death Of Yoda/Obi-Wan''s Revelation\r\n9. London Symphony Orchestra - Alliance Assembly\r\n10. London Symphony Orchestra - Shuttle Tydirium Approaches Endor\r\n11. London Symphony Orchestra - Speeder Bike Chase/Land Of The Ewoks\r\n12. London Symphony Orchestra - The Levitation/Threepio''s Bedtime Story\r\n13. London Symphony Orchestra - Source Music: Jabba''s Baroque Recital\r\n14. London Symphony Orchestra - Source Music: Jedi Rocks\r\n15. London Symphony Orchestra - Alternate Bonus Track: Sail Barge Assault (Alternate)\r\nCD 2\r\n1. London Symphony Orchestra - Parade Of The Ewoks\r\n2. London Symphony Orchestra - Luke And Leia\r\n3. London Symphony Orchestra - Brother And Sister & Father And Son & The Fleet Enters Hyperspace & Heroic Ewok\r\n4. London Symphony Orchestra - Emperor''s Throne Room\r\n5. London Symphony Orchestra - The Battle Of Endor I (Into The Trap & Forest Ambush & Scout Walker Scramble & Prime Weapon Fires)\r\n6. London Symphony Orchestra - The Lightsaber & The Ewok Battle\r\n7. London Symphony Orchestra - The Battle Of Endor II (Leia Is Wounded - The Duel Begins & Overtaking The Bunker & The Dark Side Beckons & The Emperor''s Death)\r\n8. London Symphony Orchestra - The Battle Of Endor III (Superstructure Chase & Darth Vader''s Death & The Main Reactor)\r\n9. London Symphony Orchestra - Leia''s News & Light Of The Force\r\n10. London Symphony Orchestra - Victory Celebration [1986] & End Title [1983]\r\n11. London Symphony Orchestra - Ewok Feast & Part Of The Tribe [Source Music]\r\n12. London Symphony Orchestra - The Forest Battle [Concert Suite] [Archival Bonus Track]\r\n</pre>'),
(4, 'Star_Wars_Episode_1_The_Phantom_Menace.jpg', '<p>Долгожданная премьера состоялась 19 мая 1999, майже через 16 років після виходу попереднього фільму саги — «Зоряні війни. Епізод VI. Повернення джедая». \r\nПерший фільм пріквелу «Зоряних війн» зібрав близько  1 021 959 758 доларів по всьому світові, а його бюджет склав 115 мільйонів доларів (фільм став найдорожчим у новій трилогії).</p>', 'Star Wars: Episode I - The Phantom Menace', '<p>Двоє лицарів-джедаїв призначені послами для врегулювання зростаючого конфлікту між Торговельною Федерацією та планетою Набу. Однак переговори не відбулися. Джедаї (майстер Квай-гон Джин і його падаван Обі-Ван Кенобі) були атаковані дроїдами. Після перемоги над ними, вони втікли з корабля. Федерація має союзника-ситха лорда Сідіуса, який прагне захопити владу в Республіці. Лицарі потрапили на планету Набу, де Квай-Гон врятував місцевого гунгана Джар-Джар Бінкса. Натомість той відвів джедаїв до свого міста Ото Гунга, де вони отримали підводний транспорт, щоб дістатися столиці Набу міста Сід. Тут трійця врятувала королеву.</p>\r\n\r\n<p>Уникнувши смерті, лицарі разом із королевою Набу Падме Амідалою втікають із планети в надії добратися до столиці миру планети-міста Корусант. По дорозі вони вимушені зупинитися на пустельній планеті Татуїн. В пошуках нових деталей у місто Мос Еспа йдуть Квай-Гон, Падме (королева, що перевдяглась служницею, щоб ніхто з оточуючих не впізнав її), Джар-Джар і астродроїд Р2-Д2. Тут джедаї виявляють незвичайного хлопця-раба на ім''я Енакін Скайвокер, у якому надзвичайно потужна Сила. Між хлопчиком та молодою Падме виникає симпатія. В цей час Р2-Д2 знайомиться з творінням Енакіна — дроїдом Сі-3ПіО. Квай-Гон укладає угоду з його господарем Ватто про звільнення хлопця і отримання деталей, якщо Енакін переможе в перегонах. Хлопець перемагає і здобуває свободу. Джедаї забирають хлопчика з собою, щоб навчити мистецтву джедая, але зустрічаються з ситхом, раса якого вважалася раз і назавжди переможеною. Квай-Гон приймає бій, але доводиться відступити.</p>\r\n\r\n<p>На планеті Корускант Квай-Гон веде Енакіна на раду джедаїв, але вони не хочуть, щоб хлопчик починав навчання. Попри заборону Джин вирішує вчити Скайвокера. Амідала виступає у сенаті Республіки, де висуває вотум недовіри старому канцлеру Велоруму. Канцлером пропонують обрати Палпатіна. Тим часом, рада джедаїв на чолі з Йодою занепокоєна появою ситха, якого підіслав таємничий лорд Сідіус. Вони відправляють Квай-Гона і Обі-Вана назад на Набу разом з королевою, яка сама хоче запобігти війні. Падме знову використовує двійника, щоб відвернути від себе загрозу. Проте їй вдається залучитися підтримкою гунганів.</p>\r\n\r\n<p>Починається бій між гунганами, яких очолює генерал Бінкс, та дроїдами, у якому другі швидко перемагають. Королева потрапляє у палац, де захоплює намісника. Енакіну та Р2-Д2 вдається керувати винищувачем і вони вступають у бій. На автопілоті вони потрапляють на керівний корабель дроїдів Федерації і знищують його. Після цього армія дроїдів вже не дієздатна. У палаці, у генераторному приміщенні, відбувається бій між джедаями та ситхом Дартом Молом. Він вбиває Квай-Гона, але гине від руки Обі-Вана.</p>\r\n\r\n<p>На Корусканті рада джедаїв дозволяє Обі-Вану вчити Енакіна. Сенат обирає новим канцлером Палпатіна. Квай-Гона кремують. А на Набу відбувається святкування перемоги.</p>', '<ul>\r\n	<li>Квай-Гон Джин (Ліам Нісон)</li>\r\n	<li>Обі-Ван Кенобі (Еван Макгрегор)</li>\r\n	<li>Падме Амідала Наберріє (Наталі Портман)</li>\r\n	<li>Енакін Скайвокер (Джейк Ллойд)</li>\r\n	<li>Палпатін (Іен Макдайармід)</li>\r\n	<li>Дарт Сідіус</li>\r\n	<li>Джар-Джар Бінкс (Ахмед Бест)</li>\r\n	<li>Шмі Скайвокер (Перніла Огаст)</li>\r\n	<li>R2-D2 (Кені Бейкер)</li>\r\n	<li>Дарт Мол (Рей Парк)</li>\r\n	<li>Уотто (Енді Секомб)</li>\r\n	<li>С-3РО (Ентоні Денієлс)</li>\r\n	<li>Йода (Френк Оз)</li>\r\n	<li>Мейс Вінду (Джексон Семюель Лірой)</li>\r\n	<li>Н''ют Ганрей (Сілас Карсон)</li>\r\n	<li>Капітан Панака (Х''ю Кварші)</li>\r\n	<li>Себульба (Л''юїс МакЛеод)</li>\r\n	<li>Фініс Велорум (Теренс Стемп)</li>\r\n	<li>Босс Насс (Брайан Блессед)</li>\r\n</ul>', '<ul>\r\n<li>Першою в ході зйомок була знята сцена розмови між Дарт Сідіусом і Дарт Молом</li>\r\n<li>Сцена битви Дарта Мола проти Обі-Вана з Квай-Гоном на світлових мечах знімалася протягом місяця (це перша сутичка такого роду, у якій брали участь більше двох джедаїв або ситхів)</li>\r\n<li>Звук тріпотливих крил торговця Уотто виходив у результаті відкривання й закривання звичайної парасольки</li>\r\n<li>До зйомок у ролі королеви Амідали Наталі Портман не бачила жодного фільму з оригінальної трилогії «Зоряних воїн»</li>\r\n<li>Наталі Портман пропустила світову прем''єру «Прихованої загрози» через підготовку до сесії в університеті</li>\r\n<li>Софія Коппола та Кіра Найтлі одержали короткі ролі служниць Падме у фільмі, фактично разюча зовнішня подібність Наталі Портман і Кіри Найтлі стала основою подальшої акторської кар''єри останньої</li>\r\n<li>Всупереч поширеній думці, у більшості сцен королеву Амідалу під гримом грала не Наталі Портман, що грала Падме, а Кіра Найтлі</li>\r\n<li>Через високий зріст Ліама Нісон декораторам довелося витратити ще 150 000 доларів на нові декорації, у яких актор зміг би вміститися</li>\r\n<li>«Прихована загроза» — єдиний фільм «Зоряних воїн», у якому представлена унікальна здатність джедаїв до прискорення</li>\r\n<li>Після прокручування всіх титрів наприкінці фільму чутно лиховісний подих Дарта Вейдера</li>\r\n<li>Під час битви гунганів з військами Федерації миготить дроїд із серійним номером «1138» на спині (це число входило в назву першого повнометражного фільму Джорджа Лукаса, що називалося «THX 1138»)</li>\r\n<li>Один з кораблів, що пролітають над Корусантом за мить до розмови Дарта Сідіуса та Дарта Мола, ідентичний «Дискавері» з «Космічної Одисеї 2001 року», рятувальна капсула цього ж корабля видна в сцені розмови між Квай-Гоном і Уотто на задньому плані серед інших іржавих деталей в «крамниці» Уотто на Татуїні</li>\r\n<li>У сцені засідання Галактичного Сенату можна розібрати кілька делегацій, у тому числі вукі та групу іншопланетян, що нагадують знаменитого E.T. з фільму Стівена Спілберга «Іншопланетянин»</li>\r\n<li>У ранніх версіях сценарію планета королеви Амідали називалася Утапау, але в результаті ця назва відійшла до планети, де Обі-Ван бореться з генералом Гривусом в «Помсті ситхів»</li>\r\n<li>Єдина сцена у фільмі, в якій не використовуються візуальні ефекти — це сцена заповнення газом кімнати зустрічей з Квай-Гоном і Обі-Ваном на початку фільму</li>\r\n<li>Під час зйомок боїв Еван Макгрегор часто мимоволі зображував звук світлового меча</li>\r\n<li>Падме із санскриту означає «лотос»\r\n<li>Дарт Мол за весь фільм моргає всього пару разів (це було викликано тим, що актору Рею Парку було важко моргати в контактних лінзах, тому Парк запропонував ідею про лиходія, що ніколи не моргає), але коли його вбиває Обі-Ван він встигає могнути один раз</li>\r\n<li>Ім''я Джар-Джар придумав син Джорджа Лукаса</li>\r\n</ul>\r\n\r\n<p><img src="/img/movie/4/Star_Wars_Episode_1_The_Phantom_Menace_Obi-Wan_Kenobi.jpg" /></p>', '<pre>\r\nТреклист:\r\nCD 1 (Original Realise)\r\n01. John Williams - Star Wars Main Title & The Arrival at Naboo\r\n02. John Williams - Duel of the Fates\r\n03. John Williams - Anakin''s Theme\r\n04. John Williams - Jar Jar''s Introduction & The Swim to Otoh Gunga\r\n05. John Williams - The Sith Spacecraft & The Droid Battle\r\n06. John Williams - The Trip to the Naboo Temple & The Audience with Boss Nass\r\n07. John Williams - The Arrival at Tatooine & The Flag Parade\r\n08. John Williams - He Is the Chosen One\r\n09. John Williams - Anakin Defeats Sebulba\r\n10. John Williams - Passage Through the Planet Core\r\n11. John Williams - Watto''s Deal & Kids at Play\r\n12. John Williams - Panaka and the Queen''s Protectors\r\n13. John Williams - Queen Amidala & The Naboo Palace\r\n14. John Williams - The Droid Invasion & The Appearance of Darth Maul\r\n15. John Williams - Qui-Gon''s Noble End\r\n16. John Williams - The High Council Meeting & Qui-Gon''s Funeral\r\n17. John Williams - Augie''s Great Municipal Band & End Credits\r\nCD 2 (The Ultimate Edition)\r\n01. John Williams - Fox Fanfare\r\n02. John Williams - Star Wars Main Title\r\n03. John Williams - Boarding the Federation Battleship\r\n04. John Williams - Death Warrant for Qui-Gon and Obi-Wan\r\n05. John Williams - Fighting the Destroyer Droids\r\n06. John Williams - Queen Amidala Warns the Federation\r\n07. John Williams - The Droid Invasion\r\n08. John Williams - Swimming to Otoh Gunga\r\n09. John Williams - Inside the Bubble City\r\n10. John Williams - Attack of the Giant Fish\r\n11. John Williams - Darth Sidious\r\n12. John Williams - The Giant Squid and the Attack on Theed\r\n13. John Williams - Qui-Gon and Obi-Wan Rescue the Queen\r\n14. John Williams - Fighting the Guards\r\n15. John Williams - Escape from Naboo\r\n16. John Williams - Enter Darth Maul\r\n17. John Williams - The Arrival at Tatooine\r\n18. John Williams - Street Band of Mos Espa\r\n19. John Williams - Padme Meets Anakin\r\n20. John Williams - Desert Winds (Bonus Track)\r\n21. John Williams - Jar Jar''s Run-In with Sebulba\r\n22. John Williams - Anakin''s Home and the Introduction to Threepio\r\n23. John Williams - Darth Sidious and Darth Maul\r\n24. John Williams - Talk of Podracins\r\n25. John Williams - Watto''s Deal / Shmi and Qui-Gon Talk\r\n26. John Williams - Anakin, Podracer Mechanic\r\n27. John Williams - The Racer Roars to Life / Anakin''s Midi-Chlorian Count\r\n28. John Williams - Darth Maul and the Sith Spacecraft\r\n29. John Williams - Mos Espa Arena Band\r\n30. John Williams - Watto''s Roll of the Die\r\n31. John Williams - The Flas Parade\r\n32. John Williams - Sebulba''s Dirty Hand Qui-Gon''s Pep Talk\r\n33. John Williams - Anakin Defeats Sebulba\r\n34. John Williams - Hail to The Winner, Anakin Skywalker\r\n35. John Williams - The Street Singer\r\nCD 3 (The Ultimate Edition)\r\n01. John Williams - Anakin Is Free\r\n02. John Williams - Qui-Gon and Darth Maul Meet\r\n03. John Williams - Anakin and Group to Coruscant\r\n04. John Williams - The Queen and Palpatine\r\n05. John Williams - High Council Meeting\r\n06. John Williams - The Senate\r\n07. John Williams - Anakin''s Test\r\n08. John Williams - Qui-Gon''s Mission / Obi-Wan''s Warning\r\n09. John Williams - Nute and Rune Confer with Darth Sidious\r\n10. John Williams - The Queen and Group Land on Naboo\r\n11. John Williams - Jar Jar Leads Group to the Gungans\r\n12. John Williams - War Plans\r\n13. John Williams - Darth Sidious Receives News of the Gungan Army\r\n14. John Williams - The Gungans March\r\n15. John Williams - The Queen and Her Group Sneak Back to the Palace\r\n16. John Williams - The Battle Begins\r\n17. John Williams - The Republic Pilots Take Off Into Space\r\n18. John Williams - Activate the Droids\r\n19. John Williams - The Gungans Fight Back\r\n20. John Williams - The Duel Begins\r\n21. John Williams - Anakin Takes Off in Spaceship\r\n22. John Williams - The Duel Continues\r\n23. John Williams - The Battle Rases On\r\n24. John Williams - Qui-Gon, Obi-Wan, and Darth Maul Continue Battle\r\n25. John Williams - Qui-Gon, Darth Maul, and the Invisible Wall\r\n26. John Williams - The Gungans Retreat and the Queen Surrenders\r\n27. John Williams - The Death of Qui-Gon and the Surrender of the Gungans\r\n28. John Williams - The Tide Turns / The Death of Darth Maul\r\n29. John Williams - The Queen Confronts Nute and Rune\r\n30. John Williams - The Funeral of Qui-Gon\r\n31. John Williams - The Parade\r\n32. John Williams - End Credits\r\n33. John Williams - Duel of the Fates (Dialogue Version)\r\nCD 4 (The Extended Edition)\r\n1. John Williams - 20th Century Fox Fanfare\r\n2. John Williams - Star Wars Main Title / Dispatching The Ambassadors\r\n3. John Williams - Death Warrant For The Jedi\r\n4. John Williams - The Invasion Of Naboo\r\n5. John Williams - Otoh Gunga\r\n6. John Williams - Journey Through The Planet Core\r\n7. John Williams - Darth Sidious\r\n8. John Williams - Attack Of The Sea Monster/Arriving At Theed\r\n9. John Williams - Rescuing The Queen\r\n10. John Williams - Escape From Naboo\r\n11. John Williams - The Phantom Menace\r\n12. John Williams - Arrival At Tatooine\r\n13. John Williams - Mos Espa / A Fateful Meeting\r\n14. John Williams - Meeting Sebulba / Anakin''s Droid\r\n15. John Williams - The Sith\r\n16. John Williams - Talk Of Podracing\r\n17. John Williams - Anakin''s Destiny\r\n18. John Williams - Podracing Arrangements\r\n19. John Williams - The Flag Parade / The Race Begins\r\n20. John Williams - Anakin vs. Sebulba\r\nCD 5 (The Extended Edition)\r\n1. John Williams - The Race Is Won\r\n2. John Williams - Mos Eisley Street Singer\r\n3. John Williams - Letting Go / Attack Of The Sith\r\n4. John Williams - Palpatine/ Senator Of Naboo\r\n5. John Williams - Before The Jedi Council\r\n6. John Williams - The Senate Chamber\r\n7. John Williams - Qui-Gon Takes On A New Apprentice\r\n8. John Williams - Return To Naboo\r\n9. John Williams - An Alliance Is Formed\r\n10. John Williams - Battle Plans\r\n11. John Williams - The Gungan Army Advances\r\n12. John Williams - The Battle Begins\r\n13. John Williams - Duel Of The Fates\r\n14. John Williams - Close To Defeat\r\n15. John Williams - The Tide Turns\r\n16. John Williams - Funeral Of A Jedi Master\r\n17. John Williams - Naboo Parade Finale\r\n18. John Williams - End Credits\r\nCD 6 (The Extended Edition)\r\n1. John Williams - Album Introduction\r\n2. John Williams - The Phantom Menace [Music Video]\r\n3. John Williams - Dark Forces Conspire [Introduction]\r\n4. John Williams - [Bonus Track]: Dark Forces Conspire\r\n5. John Williams - A Hero Rises [Introduction]\r\n6. John Williams - [Bonus Track]: A Hero Rises\r\n7. John Williams - Duel Of The Fates\r\n8. John Williams - Duel Of The Fates [Music Video]\r\n9. John Williams - Anakin''s Theme\r\n10. John Williams - The Trade Federation\r\n11. John Williams - Desert Winds\r\n12. John Williams - The Phantom Menace Orchestral Suite\r\n13. John Williams - Album Finish\r\n</pre>'),
(5, 'Star_Wars_Episode_2_Atacke_of_the_Clone.jpg', 'Фильм 2002 года.', 'Star Wars: Episode II - Attack of the Clones', 'MIDNIGHT!!!!!', '^_^', '', '<pre>\r\nТреклист:\r\nCD 1 (Original Realise)\r\n01. John Williams - Star Wars Main Title And Ambush on Coruscant\r\n02. John Williams - Love Theme from Attack of the Clones\r\n03. John Williams - Zam the Assassin and The Chase Through Coruscant\r\n04. John Williams - Yoda and the Younglings\r\n05. John Williams - Departing Coruscant\r\n06. John Williams - Anakin and PadmPi\r\n07. John Williams - Jango''s Escape\r\n08. John Williams - The Meadow Picnic\r\n09. John Williams - Bounty Hunter''s Pursuit\r\n10. John Williams - Return to Tatooine\r\n11. John Williams - The Tusken Camp and The Homestead\r\n12. John Williams - Love Pledge and The Arena\r\n13. John Williams - Confrontation with Count Dooku and Finale\r\n14. John Williams - On the Conveyor Belt\r\nCD 2 (The Extended Edition)\r\n01. John Williams - 20th Century Fox Fanfare\r\n02. John Williams - Star Wars Main Titles\r\n03. John Williams - Old Friends\r\n04. John Williams - Assasination Attempt And Speeder Chase\r\n05. John Williams - The Chase Through Coruscant Continues\r\n06. John Williams - The Assasin''s Demise\r\n07. John Williams - Growing Up\r\n08. John Williams - Departing Coruscant\r\n09. John Williams - Dex''s Diner\r\n10. John Williams - Yoda And The Younglings\r\n11. John Williams - Arrival At Kamino\r\n12. John Williams - Forbidden Kiss\r\n13. John Williams - The Clone Army\r\n14. John Williams - The Meadow Picnic\r\n15. John Williams - Meeting Jango Fett\r\n16. John Williams - Anakin And Padme\r\n17. John Williams - Mystery Of The Clones\r\n18. John Williams - Tatooine Resolution\r\n19. John Williams - Jango vs. Obi-Wan\r\n20. John Williams - Bounty Hunter''s Pursuit\r\n21. John Williams - Anakin''s Search\r\n22. John Williams - Dark Deeds\r\nCD 3 (The Extended Edition)\r\n01. John Williams - Anakin''s Confession\r\n02. John Williams - Emergency Powers\r\n03. John Williams - Count Dooku''s Offer\r\n04. John Williams - Landing On Geonosis\r\n05. John Williams - The Droids Confer\r\n06. John Williams - Inside The Droid Factory\r\n07. John Williams - Love Pledge\r\n08. John Williams - The Fight Begins\r\n09. John Williams - Arrival Of The Jedi\r\n10. John Williams - Encircled\r\n11. John Williams - Attack Of The Clones\r\n12. John Williams - The Battle Of Geonosis\r\n13. John Williams - Secret Plans\r\n14. John Williams - Dooku''s Escape\r\n15. John Williams - Chasing The Seperatists\r\n16. John Williams - Confrontation With The Sith\r\n17. John Williams - Padme''s Orders\r\n18. John Williams - The Duel Continues\r\n19. John Williams - Knowledge Of The Force\r\n20. John Williams - Yoda vs. Dooku\r\n21. John Williams - Yoda''s Troubles\r\n22. John Williams - Secrect Marriage And Finale\r\n23. John Williams - End Credits\r\nCD 4 (The Extended Edition)\r\n01. John Williams - Album Introduction\r\n02. John Williams - Attack Of The Clones [Music Video]\r\n03. John Williams - Across The Stars [Introduction]\r\n04. John Williams - [Archival Bonus Track]: Across The Stars (Dialogue Version)\r\n05. John Williams - Geonosis Love Medley\r\n06. John Williams - On The Conveyor Belt\r\n07. John Williams - Arena Source [Ben Burtt]\r\n08. John Williams - Attack Of The Clones Orchestral Suite\r\n09. John Williams - The Story Of Episode II\r\n</pre>'),
(6, 'Star_Wars_Episode_3_Revenge_of_the_Sith.jpg', 'Фильм 2005 года', 'Star Wars: Episode III - Revenge of the Sith', 'asas', '', '', '<pre>\r\nТреклист:\r\nCD 1 (OST)\r\n01. John Williams - Star Wars And The Revenge Of The Sith\r\n02. John Williams - Anakin''s Dream\r\n03. John Williams - Battle Of The Heroes\r\n04. John Williams - Anakin''s Betrayal\r\n05. John Williams - General Grievous\r\n06. John Williams - Palpatine''s Teachings\r\n07. John Williams - Grievous And The Droids\r\n08. John Williams - Padme''s Ruminations\r\n09. John Williams - Anakin Vs. Obi-Wan\r\n10. John Williams - Anakin''s Dark Deeds\r\n11. John Williams - Enter Lord Vader\r\n12. John Williams - The Immolation Scene\r\n13. John Williams - Grievous Speaks To Lord Sidious\r\n14. John Williams - The Birth Of The Twins And Padme''s Destiny\r\n15. John Williams - A New Hope And End Credits\r\nCD 2 (The Extended Edition)\r\n01. John Williams - 20th Century Fox Fanfare\r\n02. John Williams - Star Wars Main Title / Battle Over Coruscant\r\n03. John Williams - Enter General Grevious\r\n04. John Williams - Dooku''s Entrance\r\n05. John Williams - Escape With The Chancellor\r\n06. John Williams - Jedi vs. Droids\r\n07. John Williams - Another Happy Landing\r\n08. John Williams - The Chancellor''s Arrival\r\n09. John Williams - Lovers'' Reunion\r\n10. John Williams - Travelling To Utapau / Anakin''s Dream\r\n11. John Williams - Dreams And Visions\r\n12. John Williams - Be Careful Of Your Friend\r\n13. John Williams - On The Council\r\n14. John Williams - We''re At War\r\n15. John Williams - The Prophecy\r\n16. John Williams - The Tragedy Of Darth Plagueis\r\n17. John Williams - Kashyyyk\r\n18. John Williams - Goodbye Old Friend\r\n19. John Williams - Daydreams\r\n20. John Williams - Arrival At Utapau\r\n21. John Williams - Riding Boga\r\n22. John Williams - Crushing The Droids\r\n23. John Williams - Obi-Wan vs. Grievous\r\n24. John Williams - Jedi War Council\r\n25. John Williams - Palpatine''s Seduction\r\n26. John Williams - Rolling With Grievous\r\n27. John Williams - The End Of The General\r\n28. John Williams - Sith Lord Revealed\r\n29. John Williams - Padm&eacute;''s Ruminations\r\n30. John Williams - Under Arrest\r\n31. John Williams - Sidious vs. Mace\r\nCD 3 (The Extended Edition)\r\n01. John Williams - Dark Side Unleashed\r\n02. John Williams - Rise Lord Vader\r\n03. John Williams - Execute Order 66\r\n04. John Williams - The Great Jedi Purge\r\n05. John Williams - Bail''s Escape\r\n06. John Williams - Swimming / Yoda''s Farewell\r\n07. John Williams - The Tantive IV\r\n08. John Williams - Aboard The Tantive / Lord Vader Arrives\r\n09. John Williams - Anakin''s Dark Deeds\r\n10. John Williams - The Jedi Temple\r\n11. John Williams - Obi-Wan And Padme\r\n12. John Williams - I''m So Sorry\r\n13. John Williams - Travelling To Mustafar\r\n14. John Williams - Padme Reunited\r\n15. John Williams - Padme''s Plea\r\n16. John Williams - A Path I Can''t Follow\r\n17. John Williams - Battle Of The Heroes / Duel Of The Fates\r\n18. John Williams - Search For Yoda\r\n19. John Williams - Into Exile\r\n20. John Williams - Anakin vs. Obi-Wan\r\n21. John Williams - The Immolation Scene\r\n22. John Williams - Vader Rescued\r\n23. John Williams - Polis Massa\r\n24. John Williams - Landing On Coruscant\r\n25. John Williams - The Birth Of The Twins\r\n26. John Williams - Padme''s Destiny\r\n27. John Williams - The Fate Of The Twins\r\n28. John Williams - Padme''s Funeral\r\n29. John Williams - A New Hope\r\n30. John Williams - End Credits\r\nCD 4 (The Extended Edition)\r\n01. John Williams - Album Introduction\r\n02. John Williams - Revenge Of The Sith [Music Video]\r\n03. John Williams - A Hero Falls [Introduction]\r\n04. John Williams - [Bonus Track]: A Hero Falls\r\n05. John Williams - Endlessly Compelling\r\n06. John Williams - Boys Into Battle (Album)\r\n07. John Williams - Opera Source [Ben Burtt]\r\n08. John Williams - Mace Windu''s Fate\r\n09. John Williams - Padme''s Ruminations (Album)\r\n10. John Williams - Battle Of The Heroes\r\n11. John Williams - John Williams Interview\r\n12. John Williams - Practicing End Credits\r\n13. John Williams - Revenge Of The Sith Orchestral Suite\r\n14. John Williams - Album Finish\r\n</pre>');

-- --------------------------------------------------------

--
-- Структура таблиці `users`
--

CREATE TABLE IF NOT EXISTS `users` (
  `id` bigint(20) unsigned NOT NULL AUTO_INCREMENT,
  `nickname` varchar(25) DEFAULT NULL,
  `password` varchar(255) DEFAULT NULL,
  `email` varchar(40) DEFAULT NULL,
  `role` enum('user','admin') DEFAULT 'user',
  `created` datetime DEFAULT NULL,
  `updated` datetime DEFAULT NULL,
  PRIMARY KEY (`id`),
  UNIQUE KEY `id` (`id`)
) ENGINE=InnoDB  DEFAULT CHARSET=utf8 AUTO_INCREMENT=18 ;

--
-- Дамп даних таблиці `users`
--

INSERT INTO `users` (`id`, `nickname`, `password`, `email`, `role`, `created`, `updated`) VALUES
(1, 'qwe', '76d80224611fc919a5d54f0ff9fba446', 'qwe@gmail.com', 'user', '2012-11-15 17:11:32', '2012-11-15 17:11:32'),
(2, 'emperor', '76d80224611fc919a5d54f0ff9fba446', 'emperor@deathstar.com', 'admin', '2012-11-15 18:03:26', '2012-11-15 18:03:26'),
(17, 'Massive', '6d97ae15c3ec52654ee819cf6c7a4516', 'ole4858@yandex.ru', 'user', '2012-12-04 17:40:15', '2012-12-04 17:40:15');

--
-- Обмеження зовнішнього ключа збережених таблиць
--

--
-- Обмеження зовнішнього ключа таблиці `comments`
--
ALTER TABLE `comments`
  ADD CONSTRAINT `comments_ibfk_1` FOREIGN KEY (`article_id`) REFERENCES `articles` (`id`) ON DELETE CASCADE ON UPDATE CASCADE;

--
-- Обмеження зовнішнього ключа таблиці `games_img`
--
ALTER TABLE `games_img`
  ADD CONSTRAINT `games_img_ibfk_1` FOREIGN KEY (`game_id`) REFERENCES `games` (`id`) ON DELETE CASCADE ON UPDATE CASCADE;

--
-- Обмеження зовнішнього ключа таблиці `movie_img`
--
ALTER TABLE `movie_img`
  ADD CONSTRAINT `movie_img_ibfk_1` FOREIGN KEY (`movie_id`) REFERENCES `movies` (`id`) ON DELETE CASCADE ON UPDATE CASCADE;

/*!40101 SET CHARACTER_SET_CLIENT=@OLD_CHARACTER_SET_CLIENT */;
/*!40101 SET CHARACTER_SET_RESULTS=@OLD_CHARACTER_SET_RESULTS */;
/*!40101 SET COLLATION_CONNECTION=@OLD_COLLATION_CONNECTION */;
